Country Name,Country Code,Indicator Name,Indicator Code,1960,1961,1962,1963,1964,1965,1966,1967,1968,1969,1970,1971,1972,1973,1974,1975,1976,1977,1978,1979,1980,1981,1982,1983,1984,1985,1986,1987,1988,1989,1990,1991,1992,1993,1994,1995,1996,1997,1998,1999,2000,2001,2002,2003,2004,2005,2006,2007,2008,2009,2010,2011,2012,2013,2014,2015,2016,2017,2018
Aruba,ABW,"Hospital beds (per 1,000 people)",SH.MED.BEDS.ZS,,,,,,,,,,,,,,,,,,,,,,,,,,,,,,,,,,,,,,,,,,,,,,,,,,,,,,,,,,,
Afghanistan,AFG,"Hospital beds (per 1,000 people)",SH.MED.BEDS.ZS,0.170626998,,,,,,,,,,0.199000001,,,,,,,,,,,0.275599986,,,,,,0.309100002,,,0.249799997,,,,,,,,,,0.3,0.4,0.4,0.4,0.4,0.4,0.4,0.4,0.4,0.4,0.4,0.4,0.5,0.5,0.5,0.5,,,
Angola,AGO,"Hospital beds (per 1,000 people)",SH.MED.BEDS.ZS,2.061461687,,,,,,,,,,2.720999956,,,,,,,,,,,,,,,,,,,,1.291300058,,,,,,,,,,,,,,,0.8,,,,,,,,,,,,,
Albania,ALB,"Hospital beds (per 1,000 people)",SH.MED.BEDS.ZS,5.102675915,,,,,,,,,,,,,,,,,,,,4.271699905,4.187099934,4.160699844,4.086200237,4.138999939,4.138800144,4.069699764,3.970000029,3.935499907,4.132100105,4.02489996,3.998699904,4.013400078,3.831399918,3.017100096,3.190000057,3.140000105,3.049999952,3.049999952,3.029999971,3.3,3.3,3.1,3.1,3,3.1,3.1,3.1,,2.8,3,2.6,2.9,2.9,,,,,
Andorra,AND,"Hospital beds (per 1,000 people)",SH.MED.BEDS.ZS,,,,,,,,,,,,,,,,,,,,,,,,,,,,,,,,,,,,,3.180000067,3,3.089999914,3.200000048,3.200000048,2.589999914,,3.299999952,,2.7,2.6,2.6,,2.5,,,,,,,,,
Arab World,ARB,"Hospital beds (per 1,000 people)",SH.MED.BEDS.ZS,1.931231835,,,,,,,,,,1.919729564,,,,,1.586457573,,,,,,1.710041673,,,,,,,,,1.795646951,,,,,,,,,,1.594030997,1.636114457,1.571581121,1.571437154,1.610065153,1.625910147,1.647762878,1.612952002,1.632053747,1.523302176,1.524092157,1.151653074,1.149876305,1.144643719,1.617797486,,,,
United Arab Emirates,ARE,"Hospital beds (per 1,000 people)",SH.MED.BEDS.ZS,,,,,,,,,,,,,,,,,,,,,2.849499941,2.875099897,,,,,,,,,2.640000105,,3.060499907,,,,2.640000105,,,,2.4,2.3,2.2,2.2,2.2,2.2,1.9,1.9,1.9,1.9,1.9,1.1,1.1,1.2,,,,,
Argentina,ARG,"Hospital beds (per 1,000 people)",SH.MED.BEDS.ZS,6.352250576,,,,,,,,,,5.585800171,,,,,,,,,,,,,,,,,,,,4.594299793,,,4.599999905,,,3.289999962,,,,4.1,,,,,4,,,,,4.5,4.5,4.7,4.9,5,,,,
Armenia,ARM,"Hospital beds (per 1,000 people)",SH.MED.BEDS.ZS,,,,,,,,,,,,,,,,,,,,,8.395400047,8.578399658,8.682800293,8.548100471,8.660099983,8.699199677,9.024200439,8.996600151,9.190400124,9.03579998,9.094799995,8.529299736,8.367699623,8.214699745,7.765999794,7.639999867,7.130000114,6.75,6.659999847,6.199999809,6.4,5,4.3,4.4,4.4,4.5,4.4,4.1,3.8,3.7,3.7,3.7,4,4.1,,4.2,,,
American Samoa,ASM,"Hospital beds (per 1,000 people)",SH.MED.BEDS.ZS,,,,,,,,,,,,,,,,,,,,,,,,,,,,,,,,,,,,,,,,,,,,,,,,,,,,,,,,,,,
Antigua and Barbuda,ATG,"Hospital beds (per 1,000 people)",SH.MED.BEDS.ZS,7.706421852,,,,,,,,,,6.53000021,,,,,,,,,,,,,,,,,,,,6.599999905,,,6.104800224,,,3.880000114,,,,,2.6,2.3,2.5,2.4,2.4,2.4,2,1.7,2.2,2.2,2.1,,3.9,3.8,,,,
Australia,AUS,"Hospital beds (per 1,000 people)",SH.MED.BEDS.ZS,11.19999981,11.30000019,11.39999962,11.69999981,11.80000019,11.89999962,11.80000019,11.80000019,11.80000019,11.69999981,11.69999981,11.60000038,11.80000019,11.80000019,12,11.89999962,11.89999962,12.10000038,12.10000038,12.19999981,12.30000019,12.19999981,12.10000038,11.89999962,11.69999981,10.89999962,,10.5,,9.800000191,,9.199999809,8.899999619,8.899999619,8.699999809,8.699999809,8.5,8.300000191,8.199999809,7.900000095,7.800000191,7.599999905,4,,3.9,4,3.97,,,3.8,3.9,3.8,,,3.8,,,,
Austria,AUT,"Hospital beds (per 1,000 people)",SH.MED.BEDS.ZS,10.80000019,,,,,,,,,,10.80000019,,,,,,,,,,11.19999981,,,,,10.89999962,10.80000019,10.69999981,10.60000038,10.39999962,10.19999981,9.899999619,9.699999809,9.399999619,9.5,9.399999619,9.300000191,9.199999809,9,8.899999619,7.9,7.8,7.8,7.7,7.7,7.7,7.7,7.8,7.7,7.7,7.7,7.7,7.7,7.6,,,,,
Azerbaijan,AZE,"Hospital beds (per 1,000 people)",SH.MED.BEDS.ZS,,,,,,,,,,,,,,,,,,,,,9.745200157,,,,,9.896800041,9.841099739,9.882100105,9.966300011,10.20440006,10.09920025,10.02089977,10.54279995,10.48750019,10.07059956,10.02000046,9.81000042,9.609999657,9.06000042,8.899999619,8.7,8.5,8.4,8.3,8.2,8.2,7.9,7.9,7.7,7.5,5.1,4.6,4.6,4.7,,,,,
Burundi,BDI,"Hospital beds (per 1,000 people)",SH.MED.BEDS.ZS,1.122407317,,,,,,,,,,1.280599952,,,,,1.123200059,,,,,,,,,,,0.679199994,,,,,0.663100004,,,,,,,,,,,,,,,0.7,,,,,1.9,,,0.8,,,,
Belgium,BEL,"Hospital beds (per 1,000 people)",SH.MED.BEDS.ZS,,,,,,,,,,,8.300000191,,,,,,,,,,9.399999619,,,,,9.100000381,,,,,8,7.900000095,7.699999809,7.699999809,7.599999905,,,7.199999809,7.199999809,7.099999905,7.8,7.7,7.6,7.5,7.5,7.4,6.7,6.6,6.6,6.5,6.5,6.4,6.3,6.3,6.2,,,,
Benin,BEN,"Hospital beds (per 1,000 people)",SH.MED.BEDS.ZS,1.225748777,,,,,,,,,,1.154899955,,,,,,,,,,1.464900017,1.131199956,,,,0.359600008,,,,,0.833899975,0.500500023,0.223100007,0.239099994,0.233600006,,,,,,,,,,,0.5,,,,,0.5,,,,,,,,
Burkina Faso,BFA,"Hospital beds (per 1,000 people)",SH.MED.BEDS.ZS,0.523758113,,,,,,,,,,0.571500003,,,,,,,,,,,,,,,,,,,0.306400001,0.299299985,,,,,1.299999952,1.419999957,,,,,,,,,,0.9,,,,0.4,,,,,,,,
Bangladesh,BGD,"Hospital beds (per 1,000 people)",SH.MED.BEDS.ZS,,,,,,,,,,,0.155100003,,,,,,,,,,0.215800002,0.225199997,,,,0.287800014,,,,,0.304199994,0.308099985,,,0.304899991,,,,,0.300000012,,0.3,0.34,,,0.3,,,,,,0.6,,,0.6,0.8,,,
Bulgaria,BGR,"Hospital beds (per 1,000 people)",SH.MED.BEDS.ZS,6.213677406,,,,,,,,,,,,,,,,,,,,8.850600243,8.859000206,8.886699677,8.876799583,8.963000298,9.11400032,9.4520998,9.564200401,9.560199738,9.7020998,9.790800095,9.768199921,10.20639992,10.49419975,10.19610024,10.36999989,10.47000027,10.27999973,8.409999847,7.489999771,7.4,7.2,6.5,6.3,6.1,6.4,6.2,6.4,6.5,6.6,6.5,6.4,6.6,6.8,,,,,
Bahrain,BHR,"Hospital beds (per 1,000 people)",SH.MED.BEDS.ZS,4.711409569,,,,,,,,,,4.342899799,,,,,,,,,,3.314399958,,,,,,,,,3.33949995,,,,,,,,2.900000095,,,2.8,2.8,2.9,2.8,2.8,2.8,2.7,2.7,2,1.8,1.8,1.7,2.1,2.1,2,,,,
"Bahamas, The",BHS,"Hospital beds (per 1,000 people)",SH.MED.BEDS.ZS,5.725663662,,,,,,,,,,5.093599796,,,,,,,,,,4.404799938,,,,,,,,,,4,,,3.883899927,,3.6,3.940000057,,,,3.5,3.4,3.400000095,3.4,3.4,,3.2,3.2,3.1,3.2,3.1,2.9,2.9,2.9,,,,,
Bosnia and Herzegovina,BIH,"Hospital beds (per 1,000 people)",SH.MED.BEDS.ZS,,,,,,,,,,,,,,,,,,,,,4.831099987,4.922800064,4.917900085,4.904699802,4.813700199,4.718100071,4.742000103,4.593500137,4.578199863,4.498300076,4.45909977,4.377999783,,,,,,,3.819999933,3.799999952,3.4,3.2,3.2,3.2,3.1,3,3.3,3.4,3.4,3.3,3.4,3.5,3.5,3.5,,,,,
Belarus,BLR,"Hospital beds (per 1,000 people)",SH.MED.BEDS.ZS,,,,,,,,,,,,,,,,,,,,,12.54609966,,,,,13.07129955,13.26049995,13.45629978,13.37290001,13.5795002,13.22640038,13.20470047,12.69069958,12.4762001,12.46389961,12.38000011,12.27000046,12.35999966,12.42000008,12.64000034,12.6,12.6,11.9,11.3,10.7,11.1,11.2,11.2,11.1,11.1,11.5,11.3,11.3,11,,,,,
Belize,BLZ,"Hospital beds (per 1,000 people)",SH.MED.BEDS.ZS,4.667765141,,,,,,,,,,5.401400089,,,,,,,,,,,,,,,,3.316800117,,,,2.700000048,,,2.799999952,,2.5,2.130000114,,,,1.9,,,1.299999952,1.3,1.2,1.3,1.2,1.2,1.1,1.2,1.1,1.1,0.9,1.3,,,,
Bermuda,BMU,"Hospital beds (per 1,000 people)",SH.MED.BEDS.ZS,,,,,,,,,,,,,,,,,,,,,,,,,,,,,,,,,,,,,6.300000191,,,,,,,,,,,,,,,,,,,,,,
Bolivia,BOL,"Hospital beds (per 1,000 people)",SH.MED.BEDS.ZS,1.845419288,,,,,,,,,,2.321700096,,,,,2.058799982,,,,,,,,,,,,,,,1.317800045,1.411000013,,1.399999976,,,1.669999957,,,,,,,1,1,,1.1,1.1,1.1,1.1,,1.1,1.1,1.1,1.1,,,,
Brazil,BRA,"Hospital beds (per 1,000 people)",SH.MED.BEDS.ZS,3.20179534,,,,,,,,,,3.691800117,,,,,4.995100021,,,,,,,,,,,,3.560300112,,,3.345299959,,,3.5,,,3.109999895,,,,,,2.6,,,2.4,,,,2.4,2.4,2.3,2.3,2.3,2.2,,,,
Barbados,BRB,"Hospital beds (per 1,000 people)",SH.MED.BEDS.ZS,5.929779053,,,,,,,,,,10.22159958,,,,,,,,,,8.534700394,,,,,,,,,,8.399999619,,,1.26760006,,7.4,7.559999943,,,,,,,7.3,7.3,6.7,6.6,,7.6,6.8,6.6,,6.2,6.2,5.8,,,,
Brunei Darussalam,BRN,"Hospital beds (per 1,000 people)",SH.MED.BEDS.ZS,4.902439117,,,,,,,,,,3.507699966,,,,,,,,,,,2.935899973,2.993999958,,,,,,,,,,,,,,,,,,2.599999905,,2.7,,2.6,3,2.79,,2.7,2.6,,2.79,2.7,,,2.7,,,
Bhutan,BTN,"Hospital beds (per 1,000 people)",SH.MED.BEDS.ZS,,,,,,,,,,,,,,,,,,,,,,,,,,,1.705899954,,,,0.846700013,,,,1.614799976,,,,,1.600000024,,1.6,1.6,,,,1.7,,,,,1.8,1.7,,,,,,
Botswana,BWA,"Hospital beds (per 1,000 people)",SH.MED.BEDS.ZS,2.122916698,,,,,,,,,,,,,,,,,,,,2.363100052,,,,,,,,,,1.575199962,,,,,,,,,,,,,2.2,,,,2.4,1.8,,1.8,,,,,,,,
Central African Republic,CAF,"Hospital beds (per 1,000 people)",SH.MED.BEDS.ZS,1.231421113,,,,,,,,,,1.87559998,,,,,,,,,,1.558599949,,,,,,,,,,0.873199999,,,,,,,,,,,,,,,,1.2,,,,,1,,,,,,,
Canada,CAN,"Hospital beds (per 1,000 people)",SH.MED.BEDS.ZS,6.199999809,,,,,,,,,,7,,,,,,6.900000095,6.900000095,6.900000095,6.800000191,6.800000191,6.900000095,6.800000191,6.800000191,6.800000191,6.800000191,6.699999809,6.599999905,6.5,6.300000191,6,5.800000191,5.5,5.400000095,,5,4.599999905,4.400000095,4.199999809,3.900000095,3.4,3.700000048,3.700000048,3.6,,3.4,3.4,,3.4,3.2,2.7,2.7,2.7,,,,,,
Central Europe and the Baltics,CEB,"Hospital beds (per 1,000 people)",SH.MED.BEDS.ZS,,,,,,,,,,,,,,,,,,,,,8.030535522,,,,,8.200663202,,,,,8.119840504,8.038828765,7.672285757,7.642886058,7.630671597,7.2386887,7.268246557,7.023065449,6.797328839,6.616530679,6.697615473,,6.751321662,6.88289858,6.823980198,6.775242274,6.719962427,6.57746075,6.637794326,6.633488299,6.48706825,6.420781507,6.423046605,6.421446661,,,,,
Switzerland,CHE,"Hospital beds (per 1,000 people)",SH.MED.BEDS.ZS,,,,,,,,,,,,,,,,,,,,,,,,,,,,,,,,19.89999962,,,,,,,,,6.3,6,5.9,5.8,5.7,5.5,5.4,5.4,5.3,5.1,5,4.9,4.8,4.7,,,,,
Channel Islands,CHI,"Hospital beds (per 1,000 people)",SH.MED.BEDS.ZS,11.15384579,,,,,,,,,,11.22500038,,,,,,,,,,10.65120029,10.5951004,,,,,,,,,,,,,,,,,,,,,,,,,,,,,,,,,,,,,
Chile,CHL,"Hospital beds (per 1,000 people)",SH.MED.BEDS.ZS,3.67429018,,,,,,,,,,3.776400089,,,,,,,,,,3.406399965,,,,,,,,,3.176700115,3.158600092,,,3.099999905,,,2.670000076,,,,,,2.599999905,,2.4,2.3,2.3,,,2.1,2,2.1,2.2,2.2,,,,,
China,CHN,"Hospital beds (per 1,000 people)",SH.MED.BEDS.ZS,,,,,,1.440000057,1.519999981,1.5,1.450000048,1.450000048,1.539999962,1.580000043,1.710000038,1.769999981,1.850000024,1.919999957,2,2.069999933,2.140000105,2.200000048,2.230000019,2.25,2.25999999,2.289999962,2.329999924,2.369999886,2.400000095,2.480000019,2.539999962,2.559999943,2.579999924,2.599999905,2.619999886,2.630000114,2.630000114,2.609999895,2.549999952,2.549999952,2.529999971,2.519999981,2.519999981,2.519999981,2.450000048,2.2,3,2.45,2.23,,,4.2,3.56,3.8,4.2,,,,,,
Cote d'Ivoire,CIV,"Hospital beds (per 1,000 people)",SH.MED.BEDS.ZS,1.348769546,,,,,,,,,,1.156100035,,,,,,,,,,,,,,,,,,,0.828499973,0.81160003,,,,,,,,,,,,,,,,0.4,,,,,,,,,,,,
Cameroon,CMR,"Hospital beds (per 1,000 people)",SH.MED.BEDS.ZS,2.00226593,,,,,,,,,,1.75150001,,,,,2.465899944,,,,,,,,,,,,,,2.59829998,2.553299904,,,,,,,,,,,,,,,,1.5,,,,1.3,,,,,,,,
"Congo, Dem. Rep.",COD,"Hospital beds (per 1,000 people)",SH.MED.BEDS.ZS,5.674036503,,,,,,,,,,3.323400021,,,,,3.225300074,,,,,,,,,,,,1.593099952,,,1.426800013,,,,,,,,,,,,,,,1.1,0.8,,,,,,,,,,,,
"Congo, Rep.",COG,"Hospital beds (per 1,000 people)",SH.MED.BEDS.ZS,3.757085085,,,,,,,,,,4.387199879,,,,,,,,,,,,,,,,,,,,3.349999905,,,,,,,,,,,,,,,1.6,,,,,,,,,,,,,
Colombia,COL,"Hospital beds (per 1,000 people)",SH.MED.BEDS.ZS,2.575547218,,,,,,,,,,2.097300053,,,,,,,,,,1.564100027,,,,,,,,,1.251099944,1.366700053,,,1.299999952,,,1.460000038,,,,,,,1.100000024,1.2,,1,1,,,,1.4,1.5,1.5,1.5,,,,
Comoros,COM,"Hospital beds (per 1,000 people)",SH.MED.BEDS.ZS,,,,,,,,,,,,,,,,,,,,,,,,,,,,,,3.124900103,2.761600018,,,,,,,,,,,,,,,,2.2,,,,2.2,,,,,,,,
Cabo Verde,CPV,"Hospital beds (per 1,000 people)",SH.MED.BEDS.ZS,,,,,,,,,,,1.408200026,,,,,,,,,,2.1868999,,,,,,,,1.5977,,,,1.583099961,,,,,,,,,,,,,2.1,,,2.1,,2.1,,,,,,,,
Costa Rica,CRI,"Hospital beds (per 1,000 people)",SH.MED.BEDS.ZS,4.790777206,,,,,,,,,,3.939599991,,,,,,,,,,3.314399958,,,,,,,,,,2.5,,,,1.793900013,1.779999971,1.75,1.710000038,1.679999948,,,,,1.399999976,1.4,,1.3,1.3,1.2,,1.2,1.2,1.2,1.1,1.1,1.2,,,
Caribbean small states,CSS,"Hospital beds (per 1,000 people)",SH.MED.BEDS.ZS,5.055789416,,,,,,,,,,4.997319456,,,,,4.990417228,,,,,,,,,,,,,,,3.622246273,,,2.823387921,,3.090758877,3.478984704,,,,,2.494112321,,2.529515292,,2.441249098,2.5548156,2.182172419,,2.300243065,2.323958896,,2.354622467,2.269344184,,,,,
Cuba,CUB,"Hospital beds (per 1,000 people)",SH.MED.BEDS.ZS,4.366499424,,,,,,,,,,4.632400036,,,,,,,,,,,,,,,,,,,,5.421199799,,,6,,,5.130000114,,,,,,,4.900000095,,4.9,4.9,4.9,6,5.9,5.9,5.1,5.3,5.1,5.2,,,,
Curacao,CUW,"Hospital beds (per 1,000 people)",SH.MED.BEDS.ZS,,,,,,,,,,,,,,,,,,,,,,,,,,,,,,,,,,,,,,,,,,,,,,,,,,,,,,,,,,,
Cayman Islands,CYM,"Hospital beds (per 1,000 people)",SH.MED.BEDS.ZS,,,,,,,,,,,,,,,,,,,,,,,,,,,,,,,3,,,,,,,,,,,,,,,,,,,,,,,,,,,,
Cyprus,CYP,"Hospital beds (per 1,000 people)",SH.MED.BEDS.ZS,4.523560047,,,,,,,,,,5.382100105,,,,,,,,,,5.652999878,5.720099926,,,,,,,,5.086400032,,,,,,,,,,,4.5,4.4,4.4,4.3,4.2,3.8,3.7,3.8,3.8,3.7,3.5,3.5,3.5,3.4,,,,,
Czech Republic,CZE,"Hospital beds (per 1,000 people)",SH.MED.BEDS.ZS,,,,,,,,,,,,,,,,,,,,,11.30000019,,,,,11.39999962,,,,,11.30000019,11.10000038,10.69999981,10.39999962,10.19999981,,,,,,7.8,7.8,7.8,7.7,7.6,7.6,7.4,7.3,7.2,7.1,7,6.8,6.7,6.5,,6.5,,,
Germany,DEU,"Hospital beds (per 1,000 people)",SH.MED.BEDS.ZS,10.5,,,,,,,,,,11.30000019,,,,,,,,,,11.5,,,,,11,,,,,10.39999962,10.10000038,9.899999619,9.699999809,9.699999809,9.699999809,9.600000382,9.399999619,9.300000191,9.199999809,9.1,9,8.9,8.7,8.6,8.5,8.3,8.2,8.2,8.2,8.2,8.2,8.2,8.3,,,,,
Djibouti,DJI,"Hospital beds (per 1,000 people)",SH.MED.BEDS.ZS,7.831325531,,,,,,,,,,6.077400208,,,,,,,,,,,3.610500097,,,,,,,,,2.539700031,,,,,,,,,,1.8,1.8,1.8,1.6,1.6,1.6,1.6,,,,1.4,1.4,1.4,1.4,1.4,,,,
Dominica,DMA,"Hospital beds (per 1,000 people)",SH.MED.BEDS.ZS,4.543946743,,,,,,,,,,4.444399834,,,,,,,,,,,,,,,,,,,,3,,,2.593899965,,3.6,2.650000095,,,,3.8,3.5,3.900000095,3.9,3.9,3.9,,4,3.8,3.8,3.8,3.8,3.8,,,,,,
Denmark,DNK,"Hospital beds (per 1,000 people)",SH.MED.BEDS.ZS,,,,,,,,,,,8.100000381,,8.399999619,8.300000191,8.5,8.5,8.600000381,8.399999619,8.5,8.199999809,8.100000381,7.800000191,7.699999809,7.400000095,7.099999905,7,6.900000095,6.199999809,6,5.800000191,5.599999905,5.400000095,5.099999905,5,5,4.900000095,4.699999809,4.599999905,4.5,4.300000191,4.3,4.2,4.3,4.1,4,3.9,3.8,3.7,3.6,3.5,3.5,3.1,,3.1,,2.5,,,
Dominican Republic,DOM,"Hospital beds (per 1,000 people)",SH.MED.BEDS.ZS,2.328690767,,,,,,,,,,2.639400005,,,,,2.501499891,,,,,,,,,,,,,,,1.881299973,,,2,,,1.5,,,,,,,2.099999905,,2,,1,1,1,1.6,1.7,,1.6,1.6,,,,
Algeria,DZA,"Hospital beds (per 1,000 people)",SH.MED.BEDS.ZS,3.187407494,,,,,,,,,,2.842499971,,,,,,,,,,,,,,,,2.488399982,,2.628999949,2.564399958,2.499300003,,,,2.103199959,,,,2.099999905,,,,,,1.7,,,,,,,,,,,1.9,,,
East Asia & Pacific (excluding high income),EAP,"Hospital beds (per 1,000 people)",SH.MED.BEDS.ZS,,,,,,1.440000057,1.519999981,1.5,1.450000048,1.450000048,1.441097258,1.580000043,1.710000038,1.769999981,1.850000024,1.780381361,1.987320281,2.069999933,2.140000105,2.200000048,2.224044603,2.29567033,2.234154644,2.262457124,2.309289329,2.121375067,2.365909022,2.479968487,2.536647151,2.356402254,2.279327008,2.272177388,2.277633272,2.291896009,2.349573276,2.572040105,2.54083409,2.497871878,2.255715435,2.50488069,2.444288973,2.403259633,2.175939777,2.200209444,2.965601666,2.426576439,2.106544292,,,3.876296751,2.996470127,3.55589409,3.647186765,,,,,,
Early-demographic dividend,EAR,"Hospital beds (per 1,000 people)",SH.MED.BEDS.ZS,0.922492389,,,,,,,,,,0.966973676,,,,,0.887256188,,,,,1.037553308,,,,,1.106050219,,,,,,1.090435589,,,,,,,,,,,0.924179005,1.189349579,,1.222220847,,,,,,1.227826541,,,,,,,
East Asia & Pacific,EAS,"Hospital beds (per 1,000 people)",SH.MED.BEDS.ZS,,,,,,,,,,,2.560778751,,,,,1.916333928,2.128231506,,,,3.325636183,2.43956303,2.382961386,2.411738534,2.45550524,3.28612601,2.396815377,,,2.487566608,2.341790185,2.420828083,2.428772741,3.435000093,3.526958928,3.801206526,3.803579524,3.706682173,3.393196976,3.700667899,3.612760277,3.370617115,3.084909667,3.413656633,4.02467092,3.35802128,3.171698292,,,4.778497786,3.006808568,3.550349865,4.443098566,,,,,,
Europe & Central Asia (excluding high income),ECA,"Hospital beds (per 1,000 people)",SH.MED.BEDS.ZS,,,,,,,,,,,,,,,,,,,,,,,,,,10.6458862,10.6977969,10.73005395,10.76279462,10.78536339,10.77212244,10.52793566,10.28377951,10.10307271,9.799916703,9.57809621,9.161560283,8.6269721,8.303584228,8.074848879,7.943249515,7.845103461,7.767475299,7.593701831,7.291707991,7.205527971,7.164879477,6.971908943,6.909354064,6.888392065,6.713500678,6.526551114,6.462126654,6.35407014,,,,,
Europe & Central Asia,ECS,"Hospital beds (per 1,000 people)",SH.MED.BEDS.ZS,,,,,,,,,,,,,,,,,,,,,9.156452023,,,,,9.589330053,9.674808657,9.656689442,9.624877273,9.57018649,9.168486607,9.031359883,8.701026123,8.524312125,8.327782664,8.133391409,7.908297972,7.547386228,7.303007356,7.095689283,6.969332622,6.958450899,6.817866338,6.723753025,6.527668818,6.442288896,6.357530584,6.21501424,6.135904422,6.086976582,5.979538789,5.855351585,5.804784748,5.925145132,,,,,
Ecuador,ECU,"Hospital beds (per 1,000 people)",SH.MED.BEDS.ZS,1.870691538,,,,,,,,,,2.349100113,,,,,2.546299934,,,,,1.907199979,,,,,,,,,,1.644099951,,,1.600000024,,,1.549999952,,,,,,1.5,1.7,,,,1.5,1.5,1.5,1.6,1.6,1.5,1.5,,,,,
"Egypt, Arab Rep.",EGY,"Hospital beds (per 1,000 people)",SH.MED.BEDS.ZS,2.146979332,,,,,,,,,,2.180500031,,,,,2.036600113,,,,,2.026299953,2.07220006,,,,,2.085700035,,2.124700069,2.019900084,2.070899963,2.024199963,2.000400066,1.929299951,,,2.099999905,2.099999905,,,2.1,2.1,2.1,2.2,2.2,2.2,2.2,2.1,2.1,1.7,1.7,0.5,0.5,0.5,1.6,,,,
Euro area,EMU,"Hospital beds (per 1,000 people)",SH.MED.BEDS.ZS,,,,,,,,,,,9.652186773,,,,,,,,,,9.942849555,,,,,9.075932664,,,,,8.242538279,8.030624054,7.907718642,7.749245844,7.648646884,7.517094492,7.502334247,7.234893047,7.073491768,6.879489007,6.721156753,6.618721851,6.497334169,6.340630592,6.210052084,6.144973814,6.003850445,5.940316305,5.825727096,5.736989756,5.713525758,5.643641137,5.576309931,6.167490443,,,,,
Eritrea,ERI,"Hospital beds (per 1,000 people)",SH.MED.BEDS.ZS,,,,,,,,,,,,,,,,,,,,,,,,,,,,,,,,,,,,,,,,,,,,,,,1.2,,,,,0.7,,,,,,,
Spain,ESP,"Hospital beds (per 1,000 people)",SH.MED.BEDS.ZS,,,,,,,,,,,4.699999809,,,,,,,,,5.5,5.400000095,5.400000095,5.400000095,5.199999809,5,4.900000095,4.800000191,4.800000191,4.699999809,4.699999809,4.599999905,4.599999905,4.5,4.400000095,4.400000095,4.300000191,4.300000191,4.199999809,4.199999809,4.099999905,3.7,3.6,3.5,3.5,3.4,3.4,3.3,3.3,3.2,3.2,3.2,3.1,3,3,,,,,
Estonia,EST,"Hospital beds (per 1,000 people)",SH.MED.BEDS.ZS,,,,,,,,,,,,,,,,,,,,,12.1850996,,,,,12.27439976,12.26519966,12.13650036,12.02670002,11.93080044,11.61060047,11.28919983,9.681699753,9.622300148,8.561300278,8.350000382,7.900000095,7.710000038,7.579999924,7.53000021,7,6.6,6,5.7,5.7,5.4,5.6,5.5,5.7,5.4,5.2,5.3,5.5,5,,5,,,
Ethiopia,ETH,"Hospital beds (per 1,000 people)",SH.MED.BEDS.ZS,0.294233888,,,,,,,,,,0.2852,,,,,0.285699993,,,,,0.29550001,,,,,,,,,,0.241500005,,,,,,,,,,,,,,0.2,,0.2,,0.2,,,6.3,,,,0.3,,,
European Union,EUU,"Hospital beds (per 1,000 people)",SH.MED.BEDS.ZS,,,,,,,,,,,9.28148368,,,,,,,,,,9.332275909,,,,,8.69043532,,,,,7.91601006,7.712280489,7.458944904,7.301775743,7.213829148,6.99160422,6.952835081,6.759603687,6.55759472,6.365035403,6.284242041,6.294264462,6.141497746,6.070159706,5.961435918,5.883073924,5.764742712,5.663450961,5.598656254,5.529825841,5.435893323,5.355739752,5.322097233,5.601456773,,,,,
Fragile and conflict affected situations,FCS,"Hospital beds (per 1,000 people)",SH.MED.BEDS.ZS,1.744567006,,,,,,,,,,1.661763786,,,,,,,,,,,,,,,,,,,,1.128480343,,,,,,,,,,,,,,,,0.979214113,,,,,,,,,,,,
Finland,FIN,"Hospital beds (per 1,000 people)",SH.MED.BEDS.ZS,,,,,,,,,,,15.10000038,,,,,,,,,,15.60000038,,,,,14,,,,,12.5,11.19999981,11,10,10,9.300000191,9.199999809,7.900000095,7.800000191,7.599999905,7.5,7.5,7.4,7.2,7.1,7.1,7,6.7,6.5,6.3,5.9,5.5,5.3,4.9,,4.4,,,
Fiji,FJI,"Hospital beds (per 1,000 people)",SH.MED.BEDS.ZS,4.04060936,,,,,,,,,,2.909600019,,,,,3.333300114,,,,,2.813899994,2.746099949,,,,,,,,,,,,,,,,,,2.6,,,,,2.1,2.09,,,2.1,2.1,,2.3,,,,,,,
France,FRA,"Hospital beds (per 1,000 people)",SH.MED.BEDS.ZS,,,,,,,,,,,,,,,10.5,10.60000038,10.60000038,10.80000019,10.89999962,11.10000038,11.10000038,11.10000038,11,10.80000019,10.69999981,10.5,10.30000019,10.19999981,10.10000038,9.899999619,9.699999809,9.600000382,9.399999619,9.300000191,9.100000382,8.899999619,8.800000191,8.600000382,8.399999619,8.300000191,8.2,8.1,8,7.8,7.6,7.5,7.3,7.3,7.1,6.9,6.6,6.6,6.5,6.5,,,,,
Faroe Islands,FRO,"Hospital beds (per 1,000 people)",SH.MED.BEDS.ZS,,,,,,,,,,,,,,,,,,,,,,,,,,,,,,,,,,,,,,,,,,,,,,,,,,,,,,,,,,,
"Micronesia, Fed. Sts.",FSM,"Hospital beds (per 1,000 people)",SH.MED.BEDS.ZS,,,,,,,,,,,,,,,,,,,,,,,,,,,,,,3.467299938,,,,,,,,,,,2.8,,,,,3.3,3.31,,,3.2,,,,,,,,,
Gabon,GAB,"Hospital beds (per 1,000 people)",SH.MED.BEDS.ZS,5.713991642,,,,,,,,,,9.910699844,,,,,,,,,,,,,,,1.552000046,,,,,3.193799973,,,,,,,,,,,,,,,,2,,1.3,,6.3,,,,,,,,
United Kingdom,GBR,"Hospital beds (per 1,000 people)",SH.MED.BEDS.ZS,10.69999981,,,,,,,,,,9.600000381,,,,,,,,,,8.100000381,,,,,7.400000095,,,,,5.900000095,5.599999905,5.400000095,5.099999905,4.800000191,4.800000191,4.599999905,4.599999905,4.400000095,4.199999809,4.1,4,4,4,3.9,3.7,3.6,3.4,3.4,3.3,3,2.9,2.8,2.8,,,,,
Georgia,GEO,"Hospital beds (per 1,000 people)",SH.MED.BEDS.ZS,,,,,,,,,,,,,,,,,,,,,10.17080021,,,,,9.973400116,10.01500034,10.10739994,9.993499756,9.995699883,9.797499657,9.798100472,10.00870037,9.39109993,9.675800324,7.659999847,5.670000076,5.860000134,5.710000038,5.690000057,4.8,4.5,4.2,4.2,4.1,3.9,3.7,3.3,3.2,3.1,3,2.8,2.5,2.6,,,,,
Ghana,GHA,"Hospital beds (per 1,000 people)",SH.MED.BEDS.ZS,0.779893696,,,,,,,,,,1.32280004,,,,,1.250800014,,,,,,,,,,1.567000031,,,,,1.460000038,,,,,,,,,,,,,,,0.9,,,,0.9,,0.9,,,,,,,
Gibraltar,GIB,"Hospital beds (per 1,000 people)",SH.MED.BEDS.ZS,,,,,,,,,,,,,,,,,,,,,,,,,,,,,,,,,,,,,,,,,,,,,,,,,,,,,,,,,,,
Guinea,GIN,"Hospital beds (per 1,000 people)",SH.MED.BEDS.ZS,0.739158154,,,,,,,,,,1.75849998,,,,,,,,,,,,,,,,,,0.584100008,,0.550700009,,,,,,,,,,,,,,,0.3,,,,,,0.3,,,,,,,
"Gambia, The",GMB,"Hospital beds (per 1,000 people)",SH.MED.BEDS.ZS,1.181818128,,,,,,,,,,,,,,,,,,,,,,,,,1.657799959,,,,,0.610899985,,,,,,,,,,,,,,,0.8,,,,1.1,,1.1,,,,,,,
Guinea-Bissau,GNB,"Hospital beds (per 1,000 people)",SH.MED.BEDS.ZS,1.621184945,,,,,,,,,,1.574599981,,,,,,,,,,1.886000037,1.971699953,,,,,,,,,1.477900028,,,,,,,,,,,,,,,,,0.7,,1,,,,,,,,,
Equatorial Guinea,GNQ,"Hospital beds (per 1,000 people)",SH.MED.BEDS.ZS,4.996031761,,,,,,,,,,,,,,,,,,,,,,,,,,,,2.802999973,,,,,,,,,,,,,1.1,,,,2.2,,,,1.9,2.1,,,,,,,,
Greece,GRC,"Hospital beds (per 1,000 people)",SH.MED.BEDS.ZS,5.800000191,,,,,,,,,,6.199999809,,,,,,,,,,6.199999809,,,,,5.5,5.300000191,5.199999809,5.199999809,5.099999905,5.099999905,5,5,5,4.900000095,4.900000095,4.900000095,4.900000095,4.800000191,4.699999809,4.7,4.8,4.7,4.7,4.7,4.7,4.8,4.8,4.8,4.8,4.8,4.5,4.4,,,4.3,,,
Grenada,GRD,"Hospital beds (per 1,000 people)",SH.MED.BEDS.ZS,6.222222328,,,,,,,,,,7.25369978,,,,,,,,,,5.771399975,,,,,,,,,,8,,,8.177800179,,5.5,5.269999981,,,,6.2,,6.9,5.699999809,,4.1,,2.6,2.6,2.4,,3.5,3.5,3.7,3.7,,,,
Greenland,GRL,"Hospital beds (per 1,000 people)",SH.MED.BEDS.ZS,,,,,,,,,,,14.35340023,,,,,,,,,,,,,,,,,,,,,,,,,,,,,,,,,,,,,,,,,,,,,,,,
Guatemala,GTM,"Hospital beds (per 1,000 people)",SH.MED.BEDS.ZS,2.631087542,,,,,,,,,,2.171099901,,,,,2.00270009,,,,,,,,,,,1.721199989,,,0.877799988,1.100000024,,,1.100000024,,,0.980000019,,,,,,0.5,,,0.7,,0.7,0.6,0.6,0.6,0.6,0.6,,0.6,,,,
Guam,GUM,"Hospital beds (per 1,000 people)",SH.MED.BEDS.ZS,,,,,,,,,,,,,,,,,,,,,,,,,,,,,,,,,,,,,,,,,,,,,,,,,,,,,,,,,,,
Guyana,GUY,"Hospital beds (per 1,000 people)",SH.MED.BEDS.ZS,5.574692249,,,,,,,,,,4.763000011,,,,,4.972799778,,,,,,,,,,3.492000103,,,,,,,,3.099999905,,3.1,3.869999886,,,,,2.9,,,,2.8,2.5,1.9,,2,,,,,1.6,,,,
High income,HIC,"Hospital beds (per 1,000 people)",SH.MED.BEDS.ZS,8.850916694,,,,,,,,,,8.977914885,,,,,,,,,,8.399487983,,,,,8.173820826,,,,,6.220668649,6.472006631,6.159506296,7.118865322,7.256391959,7.070621646,6.714032737,6.709223786,6.675525241,6.544167355,6.228524003,6.081055396,6.061821426,6.093885498,,5.689774033,5.772196184,4.509924661,5.896242714,5.651655168,4.171691636,4.070467886,5.411232099,4.151079322,,,,,
"Hong Kong SAR, China",HKG,"Hospital beds (per 1,000 people)",SH.MED.BEDS.ZS,2.640339375,,,,,,,,,,4.178299904,,,,,5.04129982,,,,,4.020999908,4.109799862,,,,4.890900135,,,,,,,,,,,,,,,,,,,,,,,,,,,,,,,,,
Honduras,HND,"Hospital beds (per 1,000 people)",SH.MED.BEDS.ZS,1.646251321,,,,,,,,,,1.753100038,,,,,1.703699946,,,,,1.324100018,,,,,1.309499979,,,,,1.006700039,,,0.800000012,,,1.059999943,,,,,,1,,,,,,0.7,0.8,0.8,0.7,0.7,0.7,0.7,,,,
Heavily indebted poor countries (HIPC),HPC,"Hospital beds (per 1,000 people)",SH.MED.BEDS.ZS,1.515362683,,,,,,,,,,1.422254521,,,,,1.523626337,,,,,,,,,,,,,,,0.997626925,,,,,,,,,,,,,,,,0.74642926,,,,,,,,,,,,
Croatia,HRV,"Hospital beds (per 1,000 people)",SH.MED.BEDS.ZS,,,,,,,,,,,,,,,,,,,,,7.234799862,7.308100224,7.423500061,7.465199947,7.44659996,7.454299927,7.402599812,7.422500134,7.441699982,7.393000126,7.377799988,6.520100117,6.210100174,6.071199894,5.909500122,5.75,6.190000057,6.010000229,6.059999943,5.929999828,6.2,6,5.7,5.6,5.5,5.5,5.5,5.5,5.5,5.4,5.6,5.7,5.9,5.9,5.89,5.6,,,
Haiti,HTI,"Hospital beds (per 1,000 people)",SH.MED.BEDS.ZS,0.608832836,,,,,,,,,,0.784300029,,,,,0.776000023,,,,,0.740499973,,,,,0.723100007,,,,,0.755599976,,,0.799099982,,,0.709999979,,,,0.7,,,,,,,1.3,,,,,,0.7,,,,,
Hungary,HUN,"Hospital beds (per 1,000 people)",SH.MED.BEDS.ZS,,,,,,,,,,,,,,,,,,,,,,,,,,,,,,,,,,,9.300000191,8.800000191,8.800000191,8,8.100000382,8.100000382,8.2,7.9,7.9,7.9,7.9,7.9,8,7.2,7.1,7.1,7.2,7.2,7,7,,,,,
IBRD only,IBD,"Hospital beds (per 1,000 people)",SH.MED.BEDS.ZS,,,,,,,,,,,1.539011344,,,,,1.61836596,,,,,2.259695504,2.206901168,,,,2.857029108,,3.05200385,,,3.473202728,2.783265242,,,,,,,,,,,2.227641275,2.297190807,,2.433224018,,,,,3.196510028,2.601647962,,,,,,,
IDA & IBRD total,IBT,"Hospital beds (per 1,000 people)",SH.MED.BEDS.ZS,,,,,,,,,,,1.439111891,,,,,1.546483192,,,,,2.105643524,,,,,2.822468588,,,,,3.004946176,2.68777441,,,,,,,,,,,2.075917777,2.223545579,,2.211510102,,,,,,2.460625226,,,,,,,
IDA total,IDA,"Hospital beds (per 1,000 people)",SH.MED.BEDS.ZS,1.113878499,,,,,,,,,,1.000310291,,,,,,,,,,1.284005933,,,,,,,,,,1.444298661,,,,,,,,,,,,,,,,,,,,,,,,,,,,
IDA blend,IDB,"Hospital beds (per 1,000 people)",SH.MED.BEDS.ZS,0.847691575,,,,,,,,,,0.997830704,,,,,0.875162941,,,,,1.938244929,,,,,,,,,,2.266249708,,,,,,,,,,1.373188449,,,,1.126899257,,,,,,,,,,,,,,
Indonesia,IDN,"Hospital beds (per 1,000 people)",SH.MED.BEDS.ZS,0.740457058,,,,,,,,,,0.654600024,,,,,0.818300009,,,,,,,,,,0.556800008,,,,0.702600002,0.665199995,0.668600023,0.665000022,0.657599986,0.660099983,,,,0.6,,,,0.6,,,,,,,,0.6,,0.9,,,1.2,,,
IDA only,IDX,"Hospital beds (per 1,000 people)",SH.MED.BEDS.ZS,1.260913767,,,,,,,,,,1.001462796,,,,,,,,,,,,,,,,,,,,0.971201689,,,,,,,,,,,,,,,,,,,,,,,,,,,,
Isle of Man,IMN,"Hospital beds (per 1,000 people)",SH.MED.BEDS.ZS,1.84498373,,,,,,,,,,1.913231332,,,,,,,,,,1.756156595,1.754112095,,,,,,,,,1.752238331,,,,,,,,,,,,,,,1.769394617,1.584743259,,,1.584279384,,,,,,,,,
India,IND,"Hospital beds (per 1,000 people)",SH.MED.BEDS.ZS,0.458986908,,,,,,,,,,0.604499996,,,,,0.588199973,,,,,0.769699991,0.769400001,,,,0.769200027,,0.718200028,,,,0.787000001,,,,,,,,,,,0.69,0.899999976,,0.9,,,,,,0.7,,,,,,,
Not classified,INX,"Hospital beds (per 1,000 people)",SH.MED.BEDS.ZS,,,,,,,,,,,,,,,,,,,,,,,,,,,,,,,,,,,,,,,,,,,,,,,,,,,,,,,,,,,
Ireland,IRL,"Hospital beds (per 1,000 people)",SH.MED.BEDS.ZS,,,,,,,,,,,,,,,,,,,,,9,9,8.800000191,8.600000381,8.399999619,8.199999809,7.900000095,7.199999809,6.400000095,6.199999809,6.099999905,6,5.699999809,5.5,5.300000191,5.199999809,5.099999905,4.900000095,4.800000191,4.699999809,6.2,5.9,5.8,5.7,5.7,5.5,5.3,5.2,4.9,3.2,3,2.9,2.8,2.8,,,,,
"Iran, Islamic Rep.",IRN,"Hospital beds (per 1,000 people)",SH.MED.BEDS.ZS,0.925675035,,,,,,,,,,1.379600048,,,,,,,,,,1.480599999,1.515599966,,,,,,1.510499954,1.483700037,,1.433099985,,,,,,1.600000024,,,,1.6,1.6,1.6,1.6,1.6,1.7,1.7,1.7,1.4,1.4,1.7,1.7,0.1,1.5,1.5,,,,
Iraq,IRQ,"Hospital beds (per 1,000 people)",SH.MED.BEDS.ZS,1.858039975,,,,,,,,,,1.950999975,,,,,,,,,,1.946400046,1.893100023,,,,,,,,1.71389997,1.65960002,,,,,,,,1.450000048,,1.2,1.3,1.3,1.3,1.3,1.3,1.3,1.3,1.3,1.3,1.3,1.3,1.3,1.3,1.4,,,,
Iceland,ISL,"Hospital beds (per 1,000 people)",SH.MED.BEDS.ZS,9.800000191,,,,,,,,,,12.89999962,,,,,,,,,,14.80000019,,,,,15.80000019,,,,,16.70000076,16.29999924,15.89999962,14.80000019,14.69999981,14.60000038,,,,,,,7.5,,,,5.3391,4.2,3.9,3.7,3.6,3.3,3.3,3.2,3.2,,,,
Israel,ISR,"Hospital beds (per 1,000 people)",SH.MED.BEDS.ZS,6.73793745,,,,,,,,,,,,,,,8.079299927,,,,,6.797399998,6.729400158,6.766600132,6.543499947,6.496600151,6.509500027,6.380199909,6.289899826,6.316899776,6.283699989,6.243199825,5.96999979,5.989500046,6.077899933,6.101200104,5.980000019,6.03000021,6.050000191,6.099999905,6.119999886,3.7,3.8,3.8,3.8,3.7,3.7,3.4,5.8,3.2,3.2,3.2,3.1,3.1,3.1,,,,,
Italy,ITA,"Hospital beds (per 1,000 people)",SH.MED.BEDS.ZS,8.899999619,9,9.199999809,9.300000191,9.5,9.600000381,9.699999809,9.899999619,10.10000038,10.30000019,10.60000038,10.60000038,10.60000038,10.5,10.60000038,10.60000038,10.39999962,10.30000019,10,9.800000191,9.600000381,9.399999619,9.100000381,8.899999619,8.5,8.300000191,8,7.800000191,7.5,7.099999905,7.199999809,6.800000191,6.900000095,6.699999809,6.599999905,6.300000191,6.5,5.900000095,5.5,4.900000095,4.7,4.6,4.4,4.2,4,4,3.9,3.8,3.7,3.6,3.6,3.5,3.4,,,,,,
Jamaica,JAM,"Hospital beds (per 1,000 people)",SH.MED.BEDS.ZS,4.145488262,,,,,,,,,,4.104899883,,,,,4.999499798,,,,,,,,,,3.333300114,,,,2.400099993,2.200000048,,,2.100300074,,2.1,2.119999886,,,,,1.5,1.5,1.399999976,1.8,1.7,2,1.7,,1.7,1.8,,1.7,1.7,,,,,
Jordan,JOR,"Hospital beds (per 1,000 people)",SH.MED.BEDS.ZS,3.605450153,,,,,,,,,,1.128000021,,,,,1.026000023,,,,,1.257699966,1.20630002,,,,1.205500007,,,,,1.797799945,,,,1.630200028,,,1.799999952,,,1.7,1.7,1.7,1.7,1.7,1.7,1.9,1.9,1.8,1.8,1.8,1.8,1.8,1.8,1.9,1.4,,,
Japan,JPN,"Hospital beds (per 1,000 people)",SH.MED.BEDS.ZS,9,,,,,,,,,,12.5,,,,,,,,,,13.69999981,,,,,14.69999981,,,,,,,,15.60000038,15.5,15.39999962,15.19999981,15.10000038,15,14.80000019,14.69999981,12.9,14.39999962,14.30000019,13.9,14.1,13.98,,13.8,13.7,,,13.4,,,,,,
Kazakhstan,KAZ,"Hospital beds (per 1,000 people)",SH.MED.BEDS.ZS,,,,,,,,,,,,,,,,,,,,,13.0934,13.22910023,13.3114996,13.36940002,13.51239967,13.58570004,13.56070042,13.55609989,13.54419994,13.63000011,13.66609955,13.70899963,13.46189976,13.16650009,12.14470005,11.64999962,10.32999992,8.449999809,8.18999958,7.25,7.2,7,7,7.7,7.8,7.8,7.8,7.7,7.7,7.6,7.3,7.1,7,6.7,,,,,
Kenya,KEN,"Hospital beds (per 1,000 people)",SH.MED.BEDS.ZS,1.250480056,,,,,,,,,,1.264299989,,,,,1.25,,,,,,,,,,1.707100034,,,,1.436200023,1.647199988,,,,,,,,,,,,1.9,,1.4,,1.4,,,,1.4,,,,,,,,
Kyrgyz Republic,KGZ,"Hospital beds (per 1,000 people)",SH.MED.BEDS.ZS,,,,,,,,,,,,,,,,,,,,,12.01140022,12.11849976,12.10330009,11.9364996,11.97710037,12.03040028,12.0309,12.0642004,11.94740009,11.97200012,11.97729969,12.05799961,11.93200016,10.74559975,9.60529995,8.640000343,8.409999847,8.600000382,8.300000191,7.46999979,7,6.2,5.5,5.3,5.1,5.1,5.1,5.1,5,4.8,4.8,4.7,4.6,4.5,,,,,
Cambodia,KHM,"Hospital beds (per 1,000 people)",SH.MED.BEDS.ZS,0.746548891,,,,,,,,,,1.08099997,,,,,,,,,,,,,,,,,,2.098700047,,2.072099924,,,,,,,,,,,0.6,,,0.1,,,,,,0.84,0.7,,0.7,,0.8,,,
Kiribati,KIR,"Hospital beds (per 1,000 people)",SH.MED.BEDS.ZS,6.363636494,,,,,,,,,,12.33129978,,,,,,,,,,5.09469986,4.768300056,,,,,,,,,4.271800041,,,,,,,,1.799999952,,,,,,1.5,1.51,,,,1.5,1.4,1.3,,,,1.9,,,
St. Kitts and Nevis,KNA,"Hospital beds (per 1,000 people)",SH.MED.BEDS.ZS,3.862745047,,,,,,,,,,5.946499825,,,,,,,,,,8.536000252,,,,,,,,,,9.199999809,,,,,6.4,6.360000134,,,,,4.3,5.5,5.5,6,5.7,,,5.5,6,4.8,4.8,2.3,,,,,,
"Korea, Rep.",KOR,"Hospital beds (per 1,000 people)",SH.MED.BEDS.ZS,,,,,,,,,,,,,,,,,,,,,1.700000048,,,,,2.400000095,,,,3,3.099999905,3.299999952,3.5,3.700000048,4.099999905,4.400000095,4.599999905,4.800000191,5.099999905,5.599999905,6.099999905,6.099999905,6.6,7.099999905,8.6,,8.64,,12.3,10.3,,,10.3,,,11.5,,,
Kuwait,KWT,"Hospital beds (per 1,000 people)",SH.MED.BEDS.ZS,6.798561096,,,,,,,,,,4.834700108,,,,,,,,,,4.14470005,,,,,,,,,2.985399961,,,,,,,,2.759999991,,,2.4,2.3,2.2,2.2,2.1,1.9,1.9,1.9,1.8,2,2,1.9,2.2,2.2,2,,,,
Latin America & Caribbean (excluding high income),LAC,"Hospital beds (per 1,000 people)",SH.MED.BEDS.ZS,2.919507717,,,,,,,,,,3.111380214,,,,,,,,,,,,,,,,,,,,2.248928036,,,2.344981393,,,2.119022107,,,,,,1.931749659,,,,,,,1.939163324,2.027284646,1.788567665,1.860528569,1.886752481,1.849106609,,,,
Lao PDR,LAO,"Hospital beds (per 1,000 people)",SH.MED.BEDS.ZS,0.472209454,,,,,,,,,,0.927399993,,,,,,,,,,,,,,,,,,,,2.5697999,,,,,,,,,,,,0.9,,,1.2,,,,,0.7,,1.5,,,,,,
Lebanon,LBN,"Hospital beds (per 1,000 people)",SH.MED.BEDS.ZS,4.581339359,,,,,,,,,,4.098700047,,,,,,,,,,,,,,,,,,,,1.650599957,,3.082700014,,,,,2.700000048,,,3.1,3,3,3,3,3.6,3.6,3.4,3.4,3.5,3.5,3.5,3.5,2.9,2.9,,,,
Liberia,LBR,"Hospital beds (per 1,000 people)",SH.MED.BEDS.ZS,1.322425365,,,,,,,,,,1.576900005,,,,,1.646999955,,,,,,,,,,,,,,,,,,,,,,,,,,,,,,,,,,0.7,0.8,,,,,,,,
Libya,LBY,"Hospital beds (per 1,000 people)",SH.MED.BEDS.ZS,2.755374432,,,,,,,,,,3.813699961,,,,,,,,,,,4.825500011,,,,,,,,,4.172999859,,,,,,,4.300000191,,,4.1,3.9,3.9,3.9,3.9,3.4,3.7,3.7,3.7,3.7,3.7,3.7,3.7,3.7,3.7,,,,
St. Lucia,LCA,"Hospital beds (per 1,000 people)",SH.MED.BEDS.ZS,4.280425549,,,,,,,,,,5.049300194,,,,,,,,,,,,,,,,,,,,4,,,4.351799965,,3.3,3.380000114,,,,2.3,,3.200000048,2.9,,3,2.9,2.8,,1.5,,1.6,,1.3,,,,,
Latin America & Caribbean,LCN,"Hospital beds (per 1,000 people)",SH.MED.BEDS.ZS,3.431034048,,,,,,,,,,3.462335568,,,,,,,,,,,,,,,,,,,,2.479460038,,,2.554363933,,,2.259629087,,,,,,,,,,,,,1.953685964,2.23270864,2.001976693,2.10136,2.137356785,2.172746491,,,,
Least developed countries: UN classification,LDC,"Hospital beds (per 1,000 people)",SH.MED.BEDS.ZS,1.276753704,,,,,,,,,,1.000512157,,,,,,,,,,,,,,,,,,,,0.730120425,,,,,,,,,,,,,,,,,,,,,,,,,,,,
Low income,LIC,"Hospital beds (per 1,000 people)",SH.MED.BEDS.ZS,1.388349851,,,,,,,,,,1.25856449,,,,,,,,,,,,,,,,,,,,0.982446113,,,,,,,,,,,,,,,,1.214087997,,,,,,,,,,,,
Liechtenstein,LIE,"Hospital beds (per 1,000 people)",SH.MED.BEDS.ZS,,,,,,,,,,,,,,,,,,,,,,,,,,,,,,,,,,,,,,,,,,,,,,,,,,,,,,,,,,,
Sri Lanka,LKA,"Hospital beds (per 1,000 people)",SH.MED.BEDS.ZS,3.138841152,,,,,,,,,,3.016900063,,,,,3.333300114,,,,,2.944000006,2.937599897,,,,,,,,2.403000116,2.743499994,,,,,,,,,2.200000048,2.9,3,3.1,,3.1,,,,,,3.5,,3.6,,,,,,
Lower middle income,LMC,"Hospital beds (per 1,000 people)",SH.MED.BEDS.ZS,0.724353878,,,,,,,,,,0.81348652,,,,,0.844395595,,,,,1.66368236,1.567514976,,,,1.552711941,,,,,,1.471787295,,,,,,,,,,,1.062404578,,,1.265663319,,,,,,0.986020258,,,,,,,
Low & middle income,LMY,"Hospital beds (per 1,000 people)",SH.MED.BEDS.ZS,,,,,,,,,,,1.339375111,,,,,1.539518693,,,,,2.044857628,,,,,2.773208713,,,,,2.956276998,2.646138679,,,,,,,,,,,2.099110501,2.179099838,,2.158398384,,,,,,2.412882759,,,,,,,
Lesotho,LSO,"Hospital beds (per 1,000 people)",SH.MED.BEDS.ZS,1.103720427,,,,,,,,,,1.744500041,,,,,1.628399968,,,,,,,,,,,,,,,,,,,,,,,,,,,,,,,1.3,,,,,,,,,,,,
Late-demographic dividend,LTE,"Hospital beds (per 1,000 people)",SH.MED.BEDS.ZS,,,,,,,,,,,1.956463322,,,,,2.237104538,,,,,2.817121403,2.698242753,,,,4.03202239,4.075264673,4.062072648,4.177358218,4.012575536,3.886043109,4.050911188,3.974679878,3.929527395,3.915942177,3.831927557,3.671373004,3.600526728,3.698576388,3.561308682,3.497789065,3.402227205,3.362485617,3.179351368,3.688877436,3.169560668,3.072514438,,,4.310163314,3.851047875,3.936204065,4.217403235,,,,,,
Lithuania,LTU,"Hospital beds (per 1,000 people)",SH.MED.BEDS.ZS,,,,,,,,,,,,,,,,,,,,,12.06639957,,,,,12.77600002,12.76920033,12.80290031,12.80539989,12.63580036,12.48719978,12.46539974,12.04539967,11.91059971,11.28380013,11.09000015,10.88000011,10.18999958,10.02999973,9.850000382,8.8,8.3,8.1,7.9,7.6,7.3,7.1,7.2,6.8,6.8,7.2,7.4,7.4,7.3,,,,,
Luxembourg,LUX,"Hospital beds (per 1,000 people)",SH.MED.BEDS.ZS,,,,,,,,,,,,,,,,,,,,,,,,,,,8.100000381,8,7.900000095,7.800000191,7.599999905,7.5,7.300000191,7.400000095,7.199999809,7.099999905,7,6.900000095,6.800000191,6.300000191,6.199999809,6.099999905,6,6,6.4,5.8,5.7,5.7,5.6,5.6,5.4,5.3,5.2,5.1,4.9,4.8,,,
Latvia,LVA,"Hospital beds (per 1,000 people)",SH.MED.BEDS.ZS,,,,,,,,,,,,,,,,,,,,,13.89099979,,,,,14.30860043,14.1928997,14.23900032,14.09490013,14.02350044,14.07540035,13.6218996,12.9406004,12.23149967,12.05519962,11.18999958,10.43999958,9.800000191,9.409999847,9.029999733,8.8,8.3,7.9,8,7.9,7.9,7.8,7.8,7.8,6.7,5.7,5.9,5.9,5.8,,,,,
"Macao SAR, China",MAC,"Hospital beds (per 1,000 people)",SH.MED.BEDS.ZS,10.12138653,,,,,,,,,,5.295300007,,,,,,,,,,,,,,,,,,,,,,,,,,,,,,,,,,,,,,,,,,,,,,,,
St. Martin (French part),MAF,"Hospital beds (per 1,000 people)",SH.MED.BEDS.ZS,,,,,,,,,,,,,,,,,,,,,,,,,,,,,,,,,,,,,,,,,,,,,,,,,,,,,,,,,,,
Morocco,MAR,"Hospital beds (per 1,000 people)",SH.MED.BEDS.ZS,1.598400116,,,,,,,,,,1.47420001,,,,,1.428599954,,,,,,1.228199959,,,,1.266899943,,,,,1.289999962,,,,1.112300038,,,0.980000019,,,1.1,0.9,1.1,0.8,0.9,0.9,0.9,0.9,1.1,1.1,1.1,0.9,0.9,0.9,1.1,,,,
Monaco,MCO,"Hospital beds (per 1,000 people)",SH.MED.BEDS.ZS,,,,,,,,,,,,,,,,,,,,,,,,,,,,,,18.10709953,,,21.67860031,,,19.56999969,,,,,,,,,,,,,,,,16.46,13.8,,,,,,
Moldova,MDA,"Hospital beds (per 1,000 people)",SH.MED.BEDS.ZS,,,,,,,,,,,,,,,,,,,,,12.05480003,12.08209991,12.05109978,12.07979965,12.14350033,12.22049999,12.43550014,12.66759968,12.76369953,12.72749996,13.14780045,13.11620045,12.79030037,12.48270035,12.2215004,12.21000004,12.13000011,11.61999989,11.22999954,8.18999958,6,5.9,5.8,6.7,6.4,6.4,6.3,6.1,6.1,6.2,6.2,6.2,6.2,5.8,,,,,
Madagascar,MDG,"Hospital beds (per 1,000 people)",SH.MED.BEDS.ZS,2.406185865,,,,,,,,,,2.790800095,,,,,2.431299925,,,,,,,,,,,,,,,0.93599999,,,,,,,,,,,,0.419999987,,,0.3,,,,,0.2,,,,,,,,
Maldives,MDV,"Hospital beds (per 1,000 people)",SH.MED.BEDS.ZS,,,,,,,,,,,,,,,,,,,,,,,,,,,,,,,0.762799978,,,,,,,,,,1.700000048,,2.26,2.3,,2.6,,,,4.3,,,,,,,,,
Middle East & North Africa,MEA,"Hospital beds (per 1,000 people)",SH.MED.BEDS.ZS,1.936650505,,,,,,,,,,1.900228486,,,,,,,,,,,1.871896146,,,,,,,,,1.892238813,,,,,,,,,,1.762075761,1.814552368,1.758931204,1.759364012,1.774186369,1.787731925,1.811100701,1.822921308,1.715106615,1.619021932,1.681929575,1.349066418,1.010115208,1.308625568,1.62279964,,,,
Mexico,MEX,"Hospital beds (per 1,000 people)",SH.MED.BEDS.ZS,,,,,,,,,,,,,,,,,,,,,0.699999988,,,,,,,,,,1,1.100000024,1.200000048,1.200000048,1.200000048,1.200000048,1.200000048,1.100000024,1.100000024,1.100000024,1.100000024,1.100000024,1.100000024,1,1,,1.6,1.7,1.6,1.6,1.7,1.5,1.5,1.6,,1.5,,,
Marshall Islands,MHL,"Hospital beds (per 1,000 people)",SH.MED.BEDS.ZS,,,,,,,,,,,,,,,,,,,,,,,,,,,,,,,2.272700071,,,,,,,,,2.1,,,,,,,,,,2.7,2.7,,,,,,,,
Middle income,MIC,"Hospital beds (per 1,000 people)",SH.MED.BEDS.ZS,,,,,,,,,,,1.345806738,,,,,1.55376251,,,,,2.095914434,2.077344243,,,,2.789894582,,3.140711634,,,3.137404607,2.667335047,,,,,,,,,,,2.071141731,2.201041068,,2.234672994,,,,,,2.383716538,,,,,,,
North Macedonia,MKD,"Hospital beds (per 1,000 people)",SH.MED.BEDS.ZS,,,,,,,,,,,5.450300217,5.443399906,5.494299889,5.402800083,5.464399815,5.444399834,5.310900211,5.269800186,5.173799992,5.243700027,5.198500156,5.181600094,5.364600182,5.338300228,5.402900219,5.511899948,5.499499798,5.433599949,5.474299908,5.499000072,5.947700024,5.78730011,5.696400166,5.600599766,5.550000191,5.409999847,5.199999809,5.159999847,5.150000095,5.099999905,5.1,4.9,4.8,4.8,4.8,4.7,4.6,4.6,4.5,4.5,4.6,4.5,4.4,4.4,,,,,
Mali,MLI,"Hospital beds (per 1,000 people)",SH.MED.BEDS.ZS,0.668505728,,,,,,,,,,0.679099977,,,,,0.714299977,,,,,,,,,,,,,,,,,,,,,,,0.239999995,,,,,,,0.3,,,0.6,,0.1,,,,,,,,
Malta,MLT,"Hospital beds (per 1,000 people)",SH.MED.BEDS.ZS,9.258358955,,,,,,,,,,,,,,,,,,,,,,,,9.463899612,,,9.335300446,9.257300377,9.441100121,,,,5.843200207,5.621099949,5.429999828,5.78000021,5.639999867,5.610000134,5.570000172,5.5,7.6,7.5,7.4,7.5,7.4,7.6,7.8,7.4,4.9,4.5,4.4,4.7,4.8,4.7,,,,
Myanmar,MMR,"Hospital beds (per 1,000 people)",SH.MED.BEDS.ZS,0.663009286,,,,,,,,,,0.858099997,,,,,,,,,,0.85710001,0.857599974,,,,,,,,,0.635800004,,,,,,,,,,0.7,,0.63,,,,0.6,,,,,,0.9,,,,,,
Middle East & North Africa (excluding high income),MNA,"Hospital beds (per 1,000 people)",SH.MED.BEDS.ZS,1.848028375,,,,,,,,,,1.908724466,,,,,,,,,,1.749196334,1.753793876,,,,,,,,,1.750940431,,,,,,,,,,1.639746083,1.620000872,1.643089237,1.643194159,1.673096875,1.668755073,1.707272791,1.667597911,1.616868661,1.507466659,1.582641375,1.22521801,0.818223031,1.156302899,1.511594497,,,,
Montenegro,MNE,"Hospital beds (per 1,000 people)",SH.MED.BEDS.ZS,,,,,,,,,,,,,,,,,,,,,,,,,,,,,,,,,,,,,,,,,4.2,4.3,4.2,4.2,4.2,4.2,4.1,4,3.9,3.9,4,4,4,,,,,,
Mongolia,MNG,"Hospital beds (per 1,000 people)",SH.MED.BEDS.ZS,8.681960106,,,,,,,,,,9.495200157,,,,,,,,,,11.19719982,11.02890015,,,,,,,,,,11.48649979,,,,,,,,,,,7.5,,6,,6.4,6.11,,5.9,5.8,6.75,7,,,,,,
Northern Mariana Islands,MNP,"Hospital beds (per 1,000 people)",SH.MED.BEDS.ZS,,,,,,,,,,,,,,,,,,,,,,,,,,,,,,,,,,,,,,,,,,,,,,,,,,,,,,,,,,,
Mozambique,MOZ,"Hospital beds (per 1,000 people)",SH.MED.BEDS.ZS,0.808872819,,,,,,,,,,1.175199986,,,,,,,,,,1.089699984,,,,,,,,,,0.8671,,,,,,,,,,,,,,,,0.8,0.8,,,,0.7,,,,,,,
Mauritania,MRT,"Hospital beds (per 1,000 people)",SH.MED.BEDS.ZS,0.204843596,,,,,,,,,,0.344000012,,,,,0.344300002,,,,,,,,,0.7676,,,,,,0.665400028,,,,,,,,,,,,,,,,0.4,,,,,,,,,,,,
Mauritius,MUS,"Hospital beds (per 1,000 people)",SH.MED.BEDS.ZS,4.716666698,,,,,,,,,,3.951600075,,,,,3.299700022,,,,,3.122200012,,,,,3.34649992,,,,,,2.886600018,3.135099888,3.094799995,3.074599981,,,,,,,,,,,3,,,3.3,,,3.4,,,,,,,
Malawi,MWI,"Hospital beds (per 1,000 people)",SH.MED.BEDS.ZS,1.118730545,,,,,,,,,,1.538499951,,,,,,,,,,,,,,,,,,,0.841899991,1.550699949,,,,,,,,1.340000033,,,,,,,,,1.1,,,,1.3,,,,,,,
Malaysia,MYS,"Hospital beds (per 1,000 people)",SH.MED.BEDS.ZS,3.728132725,,,,,,,,,,3.469700098,,,,,3.346699953,,,,,,2.278300047,,,,2.557600021,,2.477900028,,2.33949995,2.130599976,2.093899965,2.06069994,2.029500008,2.021500111,2.029999971,2.009999991,,,,,1.8,,,,1.8,1.9,1.76,,1.8,1.8,1.79,1.9,,,1.9,,,
North America,NAC,"Hospital beds (per 1,000 people)",SH.MED.BEDS.ZS,8.929443738,,,,,8.800000191,,,,,7.815222548,7.5,7.400000095,7.199999809,7.099999905,6.800000191,6.62920842,6.448755397,6.268222738,6.16815765,6.078129461,5.997890537,5.988302177,5.898191884,5.808104173,5.627809589,5.527902687,5.338261008,5.238739164,5.129806582,5.010196759,4.900200843,4.690051184,4.589869628,4.300000191,4.189363041,3.969919233,3.859450371,3.749408244,3.629559217,3.490167292,3.519668928,3.429495319,3.329531617,,3.21971274,3.129524518,3.1,3.129565837,3.109879131,2.970286483,2.880144251,2.880064213,2.9,,,,,
Namibia,NAM,"Hospital beds (per 1,000 people)",SH.MED.BEDS.ZS,,,,,,,,,,,,,,,,,,,,,,,,,,,,,,,,,,,,,,,,,,,,,,,3.3,,,2.7,,,,,,,,,
New Caledonia,NCL,"Hospital beds (per 1,000 people)",SH.MED.BEDS.ZS,,,,,,,,,,,,,,,,,,,,,,,,,,,,,,,,,,,,,,,,,,,,,,,,,,,,,,,,,,,
Niger,NER,"Hospital beds (per 1,000 people)",SH.MED.BEDS.ZS,0.409490883,,,,,,,,,,0.494700015,,,,,0.495299995,,,,,,,,,,,,0.543900013,,,,,,,0.194600001,0.119999997,0.119999997,0.180000007,0.119999997,,,,,,,0.3,,,,,,,,,,0.3,,,
Nigeria,NGA,"Hospital beds (per 1,000 people)",SH.MED.BEDS.ZS,0.418167114,,,,,,,,,,0.559800029,,,,,0.555800021,,,,,0.86619997,,,,,,,,6.370299816,,1.668200016,,,,,,,,,,1.2,,,,0.5,,,,,,,,,,,,,,
Nicaragua,NIC,"Hospital beds (per 1,000 people)",SH.MED.BEDS.ZS,2.158236027,,,,,,,,,,2.280299902,,,,,2.411900043,,,,,,,,,,2.405999899,,,,1.826900005,1.82130003,,,1.799999952,,,1.480000019,,,,,,,0.899999976,0.9,0.9,1,0.9,0.9,,0.8,1.1,0.9,0.9,0.9,,,,
Netherlands,NLD,"Hospital beds (per 1,000 people)",SH.MED.BEDS.ZS,,,,,,,,,,,,,,,,,,,,,,,,,,,,,,,5.800000191,5.699999809,5.699999809,5.599999905,5.400000095,5.300000191,5.199999809,5.199999809,5.099999905,5,4.8,4.7,4.6,4.5,4.5,4.5,4.8,4.7,4.3,4.7,,,,,,,,,
Norway,NOR,"Hospital beds (per 1,000 people)",SH.MED.BEDS.ZS,,,,,,,,,,,,,,,,,,,,,,,,,,,5.900000095,5.699999809,5.300000191,4.800000191,4.599999905,4.400000095,4.300000191,4.199999809,4.099999905,4,4,4,4,3.900000095,3.8,3.8,5,5,5.2,5.2,5,4.9,3.5,3.3,4.3,4.2,4,3.9,,,,,
Nepal,NPL,"Hospital beds (per 1,000 people)",SH.MED.BEDS.ZS,0.115763798,,,,,,,,,,0.135299996,,,,,0.137700006,,,,,0.175600007,,,,,0.180199996,,0.226999998,0.239800006,0.244299993,0.243599996,0.237200007,0.242599994,0.238700002,0.232299998,0.170000002,0.159999996,0.170000002,,0.200000003,,0.2,0.15,,,,5,,,,,,0.3,,,,,,
Nauru,NRU,"Hospital beds (per 1,000 people)",SH.MED.BEDS.ZS,,,,,,,,,,,,,,,,,,,,,,,,,,,,,,,,,,,,,,,,,,,,,3.5,,,3.5,,,5,,,,,,,,
New Zealand,NZL,"Hospital beds (per 1,000 people)",SH.MED.BEDS.ZS,11.69999981,,,,,,,,,,10.80000019,,,,,,,,,,10.19999981,,,,,9.5,,,,,8.5,7.400000095,7.099999905,6.5,6.699999809,6.199999809,6.099999905,6.099999905,6.199999809,,,,6.2,,,,,,,,,2.3,,2.8,,,,,
OECD members,OED,"Hospital beds (per 1,000 people)",SH.MED.BEDS.ZS,8.747922441,,,,,,,,,,8.896421445,,,,,,,,,,7.724375696,,,,,7.98747089,,,,,5.710700684,5.784713144,5.514452489,6.54718583,6.535496308,6.316871688,6.160345314,6.076612921,5.961663954,5.837493395,5.719417222,5.497909397,5.529652441,5.539883432,6.22216452,5.686733431,5.33633222,4.138856006,5.432783655,5.232406642,3.869802884,3.768271942,5.042754416,3.805927443,,,,,
Oman,OMN,"Hospital beds (per 1,000 people)",SH.MED.BEDS.ZS,0.335125446,,,,,,,,,,,,,,,,,,,,1.620300055,1.607599974,,,,,,,,2.507200003,2.108799934,,,,,,,,2.200000048,,2.2,2.1,2,2,2.2,2.1,2.1,2,2,1.8,1.8,1.8,1.7,1.7,1.6,,,,
Other small states,OSS,"Hospital beds (per 1,000 people)",SH.MED.BEDS.ZS,,,,,,,,,,,,,,,,,,,,,,,,,,,,,,,,,,,,,,,,,,,,,,,,,,,,,,,,,,,
Pakistan,PAK,"Hospital beds (per 1,000 people)",SH.MED.BEDS.ZS,0.557261586,,,,,,,,,,0.520799994,,,,,0.526300013,,,,,0.573099971,0.569299996,,,,,0.5995,,,0.604300022,0.639999986,0.652199984,0.644699991,0.651499987,,,,,,,0.7,0.7,0.7,0.7,0.7,0.7,1.3,1,0.6,0.6,0.6,0.6,0.6,0.6,0.6,,,,
Panama,PAN,"Hospital beds (per 1,000 people)",SH.MED.BEDS.ZS,3.775310755,,,,,,,,,,2.974100113,,,,,3.381700039,,,,,,,,,,3.353300095,,,,,2.5,,,2.700000048,,,2.210000038,,,,,,2.5,,2.4,2.2,2.3,2.3,2.3,2.3,2.4,2.2,2.3,2.3,,,,,
Peru,PER,"Hospital beds (per 1,000 people)",SH.MED.BEDS.ZS,2.411438942,,,,,,,,,,2.172800064,,,,,2.5,,,,,,,,,,1.684499979,,,,,1.413200021,,1.5,1.299999952,1.35710001,,1.470000029,,,,,,,1.399999976,0.9,,,1.2,1.5,1.6,1.5,1.5,1.5,1.5,1.6,,,,
Philippines,PHL,"Hospital beds (per 1,000 people)",SH.MED.BEDS.ZS,0.838957667,,,,,,,,,,1.189800024,,,,,1.709499955,1.709400058,,,,1.708899975,,1.713500023,1.714699984,1.715299964,1.755699992,1.71420002,,,,1.391899943,1.274500012,1.370100021,1.071099997,,,,,,,,1,0.5,,,,0.5,0.5,0.5,0.5,0.5,1,,,,,,,
Palau,PLW,"Hospital beds (per 1,000 people)",SH.MED.BEDS.ZS,,,,,,,,,,,,,,,,,,,,,,,,,,,,,,,,,,,,,,,4.4,,,,,,,,5.9,5,,4.9,4.8,,,,,,,,
Papua New Guinea,PNG,"Hospital beds (per 1,000 people)",SH.MED.BEDS.ZS,,,,,,,,,,,6.602399826,,,,,4.943200111,,,,,5.544400215,,,,4.998300076,4.7354002,,,,3.329900026,4.024199963,,,,,,,,,,,,,,,,,,,,,,,,,,,,
Poland,POL,"Hospital beds (per 1,000 people)",SH.MED.BEDS.ZS,4.599999905,,,,,,,,,,5.199999809,,,,,,,,,,5.599999905,,,,,5.699999809,,,,,5.699999809,5.699999809,5.599999905,5.599999905,5.599999905,5.5,5.5,5.400000095,5.300000191,5.099999905,4.900000095,,5.599999905,6.7,6.7,6.5,6.5,6.4,6.6,6.7,6.5,6.5,6.5,6.5,,,,,
Pre-demographic dividend,PRE,"Hospital beds (per 1,000 people)",SH.MED.BEDS.ZS,1.421689777,,,,,,,,,,1.374808596,,,,,,,,,,,,,,,,,,,,1.329118206,,,,,,,,,,,,,,,,,,,,,,,,,,,,
Puerto Rico,PRI,"Hospital beds (per 1,000 people)",SH.MED.BEDS.ZS,,,,,,,,,,,,,,,,,,,,,,,,,,,,,,,,,,,,,3.319999933,,,,,,,,,,,,,,,,,,,,,,
"Korea, Dem. People’s Rep.",PRK,"Hospital beds (per 1,000 people)",SH.MED.BEDS.ZS,,,,,,,,,,,,,,,,,,,,,,,,,,,,,,,,,,,,,,,,,,,13.2,,,,,,,,14.3,,13.2,,,,,,
Portugal,PRT,"Hospital beds (per 1,000 people)",SH.MED.BEDS.ZS,,,,,,,,,,,,,,,,,,,,,,,,,,4,4,4,4,4.099999905,4.099999905,4.099999905,4,3.900000095,3.900000095,3.900000095,4,3.900000095,3.900000095,3.799999952,3.7,3.6,3.6,3.6,3.6,3.6,3.5,3.4,3.4,3.3,3.4,3.4,3.4,3.4,,,,,
Paraguay,PRY,"Hospital beds (per 1,000 people)",SH.MED.BEDS.ZS,2.389250755,,,,,,,,,,1.629400015,,,,,1.682999969,,,,,,,,,,,,,,1.32009995,0.932200015,,,1.299999952,0.600899994,,1.340000033,,,,,,1.200000048,,,1.2,1.3,1.3,1.3,1.3,1.3,1.3,,,,,,,
West Bank and Gaza,PSE,"Hospital beds (per 1,000 people)",SH.MED.BEDS.ZS,,,,,,,,,,,,,,,,,,,,,,,,,,,,,,,,,,,,,1.200000048,,,,,,,,,,,,,,,,,,,,,,
Pacific island small states,PSS,"Hospital beds (per 1,000 people)",SH.MED.BEDS.ZS,4.779943567,,,,,,,,,,4.890699537,,,,,,,,,,3.612123319,3.704196682,,,,,,,,,,,,,,,,,,,,,,,,2.076932369,,,,,,,,,,,,,
Post-demographic dividend,PST,"Hospital beds (per 1,000 people)",SH.MED.BEDS.ZS,9.288151373,,,,,,,,,,9.442577259,,,,,,,,,,8.97133754,,,,,8.683333243,,,,,7.025091715,7.038667016,6.73879999,7.759476758,7.740358776,7.488625621,7.280737314,7.087503869,6.921619917,6.779261696,6.672910603,6.377894557,6.456034115,6.380300762,,6.119981659,6.130034373,4.848904005,6.22888427,6.072600227,4.622727905,4.477846254,5.889217689,4.607196162,,,,,
French Polynesia,PYF,"Hospital beds (per 1,000 people)",SH.MED.BEDS.ZS,,,,,,,,,,,,,,,,,,,,,,,,,,,,,,,,,,,,,,,,,,,,,,,,,,,,,,,,,,,
Qatar,QAT,"Hospital beds (per 1,000 people)",SH.MED.BEDS.ZS,,,,,,,,,,,5.531499863,,,,,,,,,,,2.939599991,,,,,,,,2.300299883,,,,,,,,1.649999976,,,2.4,2.4,2.4,2.4,2.4,2.4,2.5,2.5,1.4,1.4,1.2,1.2,1.2,1.4,1.2,,,,
Romania,ROU,"Hospital beds (per 1,000 people)",SH.MED.BEDS.ZS,7.273270607,,,,,,,,,,,,,,,,,,,,8.776200294,8.775099754,8.810700417,,8.895799637,8.940400124,8.94659996,8.950200081,8.942199707,8.93710041,8.919899941,8.922100067,7.862100124,7.869900227,7.69449997,7.639999867,7.559999943,7.380000114,7.309999943,7.309999943,7.7,7.7,7.7,6.7,6.7,6.8,6.7,6.5,6.6,6.6,6.3,6.1,6.2,6.3,,,,,
Russian Federation,RUS,"Hospital beds (per 1,000 people)",SH.MED.BEDS.ZS,,,,,,,,,,,,,,,,,,,,,,,,,,12.98159981,13.04629993,13.11760044,13.17520046,13.18620014,13.05529976,12.70199966,12.23429966,12.19589996,11.96119976,11.86999989,11.63000011,11.34000015,11.10999966,10.85000038,10.9,10.8,10.7,10.5,9.9,9.7,9.7,9.5,9.2,9,8.8,8.6,8.4,8.2,,,,,
Rwanda,RWA,"Hospital beds (per 1,000 people)",SH.MED.BEDS.ZS,,,,,,,,,,,1.253999949,,,,,1.242599964,,,,,1.527999997,1.478099942,,,,,,,,0.867900014,1.65199995,,,,,,,,,,,,,,1.7,,1.6,1.6,,,,,,,,,,,
South Asia,SAS,"Hospital beds (per 1,000 people)",SH.MED.BEDS.ZS,0.506428899,,,,,,,,,,0.584684518,,,,,0.626822712,,,,,0.728362463,0.730719948,,,,0.707830119,,0.702483807,,,,0.718150277,,,,,,,,,,,0.676743695,0.868219769,,0.812169579,,,,,,0.674524777,,,,,,,
Saudi Arabia,SAU,"Hospital beds (per 1,000 people)",SH.MED.BEDS.ZS,0.774723947,,,,,,,,,,1.181399941,,,,,,,,,,,1.458199978,,,,,,,,,2.496400118,,,,,,,2.299999952,,,2.3,3.2,2.2,2.2,2.2,2.3,2.3,2.2,2.2,2.2,2.2,2.1,2.1,2.2,2.7,,,,
Sudan,SDN,"Hospital beds (per 1,000 people)",SH.MED.BEDS.ZS,1.006500959,,,,,,,,,,1.042600036,,,,,0.993200004,,,,,0.890699983,0.870199978,,,,,,,,,1.088000059,,,,,,,,,,0.8,0.7,0.7,0.7,0.7,0.7,0.7,0.7,0.7,0.7,0.7,0.8,0.8,0.8,,,,,
Senegal,SEN,"Hospital beds (per 1,000 people)",SH.MED.BEDS.ZS,1.313147187,,,,,,,,,,1.298499942,,,,,1.290099978,,,,,,,,,,,,,,0.523999989,0.729600012,,,,0.247500002,,0.449999988,,0.400000006,,,,,,,,,0.1,0.3,,,,,,,,,,
Singapore,SGP,"Hospital beds (per 1,000 people)",SH.MED.BEDS.ZS,4.392466545,,,,,,,,,,3.698299885,,,,,3.333300114,,,,,3.956500053,3.907999992,,,,,,,,,3.607800007,3.547199965,3.451400042,3.642699957,3.56520009,,,,,,,2.900000095,,2.8,,3.2,3.2,3.22,3.1,,,2,,2.1,,2.4,,,
Solomon Islands,SLB,"Hospital beds (per 1,000 people)",SH.MED.BEDS.ZS,7.330508709,,,,,,,,,,7.341599941,,,,,,,,,,,5.682899952,,,,,,,,,0.828100026,,2.748100042,,,,,,,,,,,2.2,,1.4,,,,,,,1.4,,,,,,
Sierra Leone,SLE,"Hospital beds (per 1,000 people)",SH.MED.BEDS.ZS,0.772869229,,,,,,,,,,0.925499976,,,,,0.906899989,,,,,1.21449995,,,,,,,,,,,,,,,,,,,,,,,,,,0.4,,,,,,,,,,,,
El Salvador,SLV,"Hospital beds (per 1,000 people)",SH.MED.BEDS.ZS,2.183475494,,,,,,,,,,1.902400017,,,,,1.985000014,,,,,,,,,,,,,,,1.471099973,,,1.5,,,1.649999976,,,,,,,,,0.9,0.9,0.7,0.8,1.1,1,1,1.1,1.1,1.3,,,,
San Marino,SMR,"Hospital beds (per 1,000 people)",SH.MED.BEDS.ZS,,,,,,,,,,,,,,,,,,,,,6.671999931,,,,6.820000172,6.768000126,6.699999809,6.65899992,7.657000065,7.445000172,7.159999847,,,,,,,,,,,,,,,,,,,,,3.85,3.8,,,,,,
Somalia,SOM,"Hospital beds (per 1,000 people)",SH.MED.BEDS.ZS,1.355319142,,,,,,,,,,1.355700016,,,,,1.422000051,,,,,,,,,,,,,0.906300008,,0.753499985,,,,,,,0.400000006,,,0.4,0.4,0.4,0.4,0.4,,,,,,,,,0.9,0.9,,,,
Serbia,SRB,"Hospital beds (per 1,000 people)",SH.MED.BEDS.ZS,,,,,,,,,,,,,,,,,,,,,,,,,,,,,,,,,,,,,,,,,,,,,,5.9,5.7,5.5,5.5,5.4,5.6,5.6,5.7,,,,,,
Sub-Saharan Africa (excluding high income),SSA,"Hospital beds (per 1,000 people)",SH.MED.BEDS.ZS,1.397645423,,,,,,,,,,1.361973091,,,,,1.27666623,,,,,,,,,,,,,,,1.212095662,,,,,,,,,,,,,,,,,,,,,,,,,,,,
South Sudan,SSD,"Hospital beds (per 1,000 people)",SH.MED.BEDS.ZS,,,,,,,,,,,,,,,,,,,,,,,,,,,,,,,,,,,,,,,,,,,,,,,,,,,,,,,,,,,
Sub-Saharan Africa,SSF,"Hospital beds (per 1,000 people)",SH.MED.BEDS.ZS,1.398817331,,,,,,,,,,1.363079427,,,,,1.277612284,,,,,,,,,,,,,,,1.212095662,,,,,,,,,,,,,,,,,,,,,,,,,,,,
Small states,SST,"Hospital beds (per 1,000 people)",SH.MED.BEDS.ZS,4.561753667,,,,,,,,,,,,,,,,,,,,,,,,,,,,,,,,,,,,,,,,,,,,,,,,,,,,,,,,,,
Sao Tome and Principe,STP,"Hospital beds (per 1,000 people)",SH.MED.BEDS.ZS,40.31545639,,,,,,,,,,26.71229935,,,,,,,,,,,,,,,,,,,,,4.737299919,,,,,,,,,,,,3.2,,,3.2,,,,,2.9,,,,,,,
Suriname,SUR,"Hospital beds (per 1,000 people)",SH.MED.BEDS.ZS,6.510344982,,,,,,,,,,5.677400112,,,,,,,,,,8.926799774,,,,,,,,,,5.699999809,,,,,3.1,3.74000001,,,,3.9,3.599999905,,,3.1,,3.3,3.1,,2.6,3.1,,,,,,,,
Slovak Republic,SVK,"Hospital beds (per 1,000 people)",SH.MED.BEDS.ZS,,,,,,,,,,,,,,,,,,,,,,,,,,8.95471,8.94222,8.95051,8.81316,8.81631,7.448200226,7.577899933,7.560900211,7.874000073,7.099299908,,8.300000191,8.100000382,8,8,7.8,7.7,7.6,7.2,6.9,6.8,6.7,6.8,6.6,6.5,6.4,6.1,5.9,5.8,,5.8,,,
Slovenia,SVN,"Hospital beds (per 1,000 people)",SH.MED.BEDS.ZS,,,,,,,,,,,,,,,,,,,,,6.952600002,,6.679500103,,6.500999928,6.326099873,6.26789999,6.215300083,6.138000011,6.063399792,6.040800095,6.011300087,5.936999798,5.800700188,5.776899815,5.75,5.659999847,5.670000076,5.619999886,5.550000191,5.4,5.2,5.1,5,4.8,4.8,4.8,4.7,4.7,4.6,4.6,4.6,4.5,4.6,,,,,
Sweden,SWE,"Hospital beds (per 1,000 people)",SH.MED.BEDS.ZS,14.19999981,,,,,,,,,,15.30000019,,,,,,,,,,15.10000038,,,,,14.60000038,,,,,12.39999962,11.89999962,7.599999905,7,6.5,4.900000095,4.400000095,5.2,3.799999952,3.700000048,3.6,3.3,3.1,3.1,3,2.9,2.9,2.9,2.8,2.8,2.7,2.7,2.6,2.6,,,,,
Eswatini,SWZ,"Hospital beds (per 1,000 people)",SH.MED.BEDS.ZS,1.944785237,,,,,,,,,,3.374700069,,,,,,,,,,,,,,,,,,,,,,,,,,,,,,,,,,,,2.1,,,,,2.1,,,,,,,
Sint Maarten (Dutch part),SXM,"Hospital beds (per 1,000 people)",SH.MED.BEDS.ZS,,,,,,,,,,,,,,,,,,,,,,,,,,,,,,,,,,,,,,,,,,,,,,,,,,,,,,,,,,,
Seychelles,SYC,"Hospital beds (per 1,000 people)",SH.MED.BEDS.ZS,7.098321438,,,,,,,,,,6.492499828,,,,,4.949699879,,,,,,,,,,4.822000027,,,,6.283299923,,,,,,,,,,,,,,,,,5.7,,,3.9,,3.6,,,,,,,
Syrian Arab Republic,SYR,"Hospital beds (per 1,000 people)",SH.MED.BEDS.ZS,1.076737523,,,,,,,,,,0.993399978,,,,,1,,,,,1.104500055,1.145799994,,,,,,,,,1.086500049,,,,,,1.5,,1.5,1.399999976,1.4,1.4,1.4,1.5,1.5,1.3,1.5,1.5,1.5,1.5,1.5,1.6,1.5,1.5,1.5,,,,
Turks and Caicos Islands,TCA,"Hospital beds (per 1,000 people)",SH.MED.BEDS.ZS,,,,,,,,,,,,,,,,,,,,,,,,,,,,,,,,,,,,,,,,,,,,,,,,,,,,,,,,,,,
Chad,TCD,"Hospital beds (per 1,000 people)",SH.MED.BEDS.ZS,0.697454333,,,,,,,,,,1.309999943,,,,,,,,,,,,,,,,,,,,,0.720099986,,,,,,,,,,,,,,0.4,,,,,,,,,,,,,
East Asia & Pacific (IDA & IBRD countries),TEA,"Hospital beds (per 1,000 people)",SH.MED.BEDS.ZS,,,,,,1.440000057,1.519999981,1.5,1.450000048,1.450000048,1.441097258,1.580000043,1.710000038,1.769999981,1.850000024,1.780381361,1.987320281,2.069999933,2.140000105,2.200000048,2.224044603,2.29567033,2.234154644,2.262457124,2.309289329,2.121375067,2.365909022,2.479968487,2.536647151,2.356402254,2.279327008,2.272177388,2.277633272,2.291896009,2.349573276,2.572040105,2.54083409,2.497871878,2.255742872,2.50488069,2.444288973,2.403259633,2.031453334,2.200209444,2.965601666,2.426576439,2.106592905,,,3.876310242,2.848822154,3.55589409,3.513799005,,,,,,
Europe & Central Asia (IDA & IBRD countries),TEC,"Hospital beds (per 1,000 people)",SH.MED.BEDS.ZS,,,,,,,,,,,,,,,,,,,,,,,,,,10.14883072,10.65538914,10.68774978,10.72058839,10.74253574,10.27119509,10.04381451,9.808771632,9.64541388,9.371198219,9.161649035,8.793274889,8.302655137,8.00351598,7.778694241,7.651535266,7.824612976,7.551619566,7.493236969,7.220506481,7.126457408,7.089918038,6.907166398,6.868074893,6.85732257,6.684135911,6.516252225,6.459969873,6.362322876,,,,,
Togo,TGO,"Hospital beds (per 1,000 people)",SH.MED.BEDS.ZS,1.265091896,,,,,,,,,,1.533300042,,,,,1.439900041,,,,,,,,,,,,,,,1.511100054,,,,,,,,,,,,,,,0.9,,,,,,0.7,,,,,,,
Thailand,THA,"Hospital beds (per 1,000 people)",SH.MED.BEDS.ZS,0.740034878,,,,,,,,,,1.137300014,,,,,1.111899972,,,,,1.535099983,,,,,,,,,,1.63259995,1.661299944,1.706699967,,,1.99000001,,,,2.200000048,2.2,,2.2,,,2.1,,,,,2.1,,,,,,,,
Tajikistan,TJK,"Hospital beds (per 1,000 people)",SH.MED.BEDS.ZS,,,,,,,,,,,,,,,,,,,,,,,,,,10.64480019,10.64490032,10.65559959,10.67420006,10.62979984,10.66180038,10.96290016,11.24230003,10.68120003,8.941300392,8.199999809,7.46999979,7.21999979,6.909999847,6.800000191,6.5,6.4,6.3,6.1,6,5.9,6.1,5.4,5.3,5.2,5,4.9,4.8,4.8,,,,,
Turkmenistan,TKM,"Hospital beds (per 1,000 people)",SH.MED.BEDS.ZS,,,,,,,,,,,,,,,,,,,,,10.46049976,,,,,10.66800022,11.12220001,11.10499954,11.12930012,11.19340038,11.48499966,11.55500031,11.41530037,11.67889977,11.47070026,10.26000023,8.010000229,7.110000134,,,9.1,8.4,8.2,8.3,8.1,8.4,8.2,4.1,7.7,7.6,7.6,7.5,7.4,7.4,,,,,
Latin America & the Caribbean (IDA & IBRD countries),TLA,"Hospital beds (per 1,000 people)",SH.MED.BEDS.ZS,3.385259718,,,,,,,,,,3.405210519,,,,,,,,,,,,,,,,,,,,2.401850937,,,2.471756482,,,2.177928405,,,,,,,,,,,,,1.853436569,2.143734333,1.93987314,2.030735149,2.072977854,2.088972218,,,,
Timor-Leste,TLS,"Hospital beds (per 1,000 people)",SH.MED.BEDS.ZS,,,,,,,,,,,,,,,,,,,,,,,,,,,,,,,,,,,,,,,,,,,,,,,,,,5.9,5.9,,,,,,,,
Middle East & North Africa (IDA & IBRD countries),TMN,"Hospital beds (per 1,000 people)",SH.MED.BEDS.ZS,1.848028375,,,,,,,,,,1.908724466,,,,,,,,,,1.749196334,1.753793876,,,,,,,,,1.750940431,,,,,,,,,,1.639746083,1.620000872,1.643089237,1.643194159,1.673096875,1.668755073,1.707272791,1.667597911,1.616868661,1.507466659,1.582641375,1.22521801,0.818223031,1.156302899,1.511594497,,,,
Tonga,TON,"Hospital beds (per 1,000 people)",SH.MED.BEDS.ZS,2.5,,,,,,,,,,2.592999935,,,,,,,,,,3.446799994,3.539400101,,,,,,,,,,,,,,,,,,,,3.200000048,,,2.4,,,,2.4,,2.6,,,,,,,,
South Asia (IDA & IBRD),TSA,"Hospital beds (per 1,000 people)",SH.MED.BEDS.ZS,0.506428899,,,,,,,,,,0.584684518,,,,,0.626822712,,,,,0.728362463,0.730719948,,,,0.707830119,,0.702483807,,,,0.718150277,,,,,,,,,,,0.676743695,0.868219769,,0.812169579,,,,,,0.674524777,,,,,,,
Sub-Saharan Africa (IDA & IBRD countries),TSS,"Hospital beds (per 1,000 people)",SH.MED.BEDS.ZS,1.398817331,,,,,,,,,,1.363079427,,,,,1.277612284,,,,,,,,,,,,,,,1.212095662,,,,,,,,,,,,,,,,,,,,,,,,,,,,
Trinidad and Tobago,TTO,"Hospital beds (per 1,000 people)",SH.MED.BEDS.ZS,5.589560986,,,,,,,,,,4.943399906,,,,,4.985199928,,,,,,,,,,,5.03730011,,,,4,,,3.242599964,,3.8,5.110000134,,,,3.3,3.400000095,,3.3,,2.6,2.7,2.7,2.5,2.6,2.1,,2.7,2.7,3,,,,
Tunisia,TUN,"Hospital beds (per 1,000 people)",SH.MED.BEDS.ZS,2.467661619,,,,,,,,,,2.444299936,,,,,2.5,,,,,2.125799894,,,,,,,,,1.96570003,1.916700006,2.012300015,2.857300043,,1.761500001,,2,1.700000048,,,1.7,1.7,1.7,1.7,2.1,1.8,2,1.8,2,2.1,2.1,2.1,2.1,2.1,2.2,2.3,,,
Turkey,TUR,"Hospital beds (per 1,000 people)",SH.MED.BEDS.ZS,1.700000048,,,,,1.799999952,,,,,2,,,,,2,,,,,2.200000048,,,,,2.099999905,2.099999905,2.099999905,2.099999905,2.099999905,2.400000095,2.400000095,2.400000095,2.5,2.5,2.5,2.5,2.5,2.5,2.599999905,2.1,2.2,2.3,2.2,2.2,2.3,2.3,2.3,2.3,2.5,2.5,2.5,2.7,2.7,,,,,
Tuvalu,TUV,"Hospital beds (per 1,000 people)",SH.MED.BEDS.ZS,,,,,,,,,,,,,,,,,,,,,,,,,,,,,,,,,,,,,,,,,,5.6,,,,,,,,,,,,,,,,,
Tanzania,TZA,"Hospital beds (per 1,000 people)",SH.MED.BEDS.ZS,1.490445852,,,,,,,,,,,,,,,,1.431300044,,1.43719995,,1.397500038,,1.365800023,,1.30309999,,,,1.090399981,,1.024600029,,0.890299976,,,,,,,,,,,,,,1.1,,,,0.7,,,,,,,,
Uganda,UGA,"Hospital beds (per 1,000 people)",SH.MED.BEDS.ZS,1.480798483,,,,,,,,,,1.558699965,,,,,1.648499966,,,,,,1.512500048,,,,,,,1.315400004,,,0.916199982,,,,,,,,,,,,,0.7,1,1.1,,,0.4,0.5,,,,,,,,
Ukraine,UKR,"Hospital beds (per 1,000 people)",SH.MED.BEDS.ZS,,,,,,,,,,,,,,,,,,,,,12.14350033,12.25329971,12.35779953,12.44480038,12.5909996,12.69499969,12.78759956,12.85060024,12.93039989,13.00640011,13.01309967,12.9691,12.72900009,12.47070026,12.30220032,11.89000034,10.84000015,9.369999886,9.039999962,8.949999809,8.8,8.8,8.9,8.8,8.7,8.7,8.7,8.7,8.7,9.4,9.4,9,8.9,8.8,,,,,
Upper middle income,UMC,"Hospital beds (per 1,000 people)",SH.MED.BEDS.ZS,,,,,,,,,,,1.847641134,,,,,2.198208489,,,,,2.496249823,,,,,3.900091503,3.943740627,3.900919705,3.963347515,3.945686705,3.566362115,3.786995656,3.699033663,3.658646638,3.670787269,3.63793851,3.37003572,3.542445971,3.422410521,3.380165952,3.278288019,3.235714522,3.09626944,2.890660801,3.376191978,3.080955237,2.91806494,,,3.956976747,3.544045384,3.603514366,3.830164549,,,,,,
Uruguay,URY,"Hospital beds (per 1,000 people)",SH.MED.BEDS.ZS,5.511820316,,,,,,,,,,5.912700176,,,,,5.00180006,,,,,,,,,,3.245800018,,,,,4.522600174,,,4.5,,,4.389999867,,,,,,,1.899999976,,2.4,2.9,2.9,,,1.2,3,2.5,2.5,2.8,,,,
United States,USA,"Hospital beds (per 1,000 people)",SH.MED.BEDS.ZS,9.199999809,,,,,8.800000191,,,,,7.900000095,7.5,7.400000095,7.199999809,7.099999905,6.800000191,6.599999905,6.400000095,6.199999809,6.099999905,6,5.900000095,5.900000095,5.800000191,5.699999809,5.5,5.400000095,5.199999809,5.099999905,5,4.900000095,4.800000191,4.599999905,4.5,4.300000191,4.099999905,3.900000095,3.799999952,3.700000048,3.599999905,3.5,3.5,3.400000095,3.3,,3.2,3.1,3.1,3.1,3.1,3,2.9,2.9,2.9,,,,,
Uzbekistan,UZB,"Hospital beds (per 1,000 people)",SH.MED.BEDS.ZS,,,,,,,,,,,,,,,,,,,,,9.176300049,,,,,11.83419991,11.95569992,11.94569969,12.21619987,12.28509998,12.48279953,10.94729996,10.75409985,9.394200325,8.663299561,8.300000191,7.929999828,6.480000019,5.550000191,5.389999867,5.3,5.3,5.5,5.5,5.3,5.2,5.1,4.8,4.7,4.6,4.4,4.3,4.2,4,,,,,
St. Vincent and the Grenadines,VCT,"Hospital beds (per 1,000 people)",SH.MED.BEDS.ZS,4.824999809,,,,,,,,,,4.988599777,,,,,,,,,,,,,,,,,,,,4.699999809,,,5.015299797,,,1.850000024,,,,,4.7,4.5,4.5,4.5,4.5,,3,,,2.6,2.7,5.2,2.5,2.6,,,,
"Venezuela, RB",VEN,"Hospital beds (per 1,000 people)",SH.MED.BEDS.ZS,,,,,,,,,,,,,,,0.342999995,0.331499994,0.342900008,,,,0.331900001,,0.370400012,0.358200014,0.372799993,2.693099976,2.700099945,2.59829998,2.499599934,,2.677900076,2.677599907,2.572999954,2.599999905,,,1.470000029,,,,,0.800000012,,0.9,,,,1.3,,1.1,,0.9,,,0.8,,,,
British Virgin Islands,VGB,"Hospital beds (per 1,000 people)",SH.MED.BEDS.ZS,,,,,,,,,,,,,,,,,,,,,,,,,,,,,,,,,,,,,,,,,,,,,,,,,,,,,,,,,,,
Virgin Islands (U.S.),VIR,"Hospital beds (per 1,000 people)",SH.MED.BEDS.ZS,,,,,,,,,,,,,,,,,,,,,,,,,,,,,,,4.800000191,,,,,,18.68000031,,,,,,,,,,,,,,,,,,,,,,
Vietnam,VNM,"Hospital beds (per 1,000 people)",SH.MED.BEDS.ZS,,,,,,,,,,,,,,,,,,,,,3.49729991,3.696099997,,,,,,,,3.301700115,3.832900047,,,,,,,1.669999957,,,,2.400000095,1.4,,2.8,2.6,2.66,,2.9,3.1,2,,2.5,,2.6,,,,
Vanuatu,VUT,"Hospital beds (per 1,000 people)",SH.MED.BEDS.ZS,5.430769444,,,,,,,,,,10.73490047,,,,,,,,,,6.179399967,,,,,,,,,,,,,,,,,,,,,3.099999905,,3.7,,4.1,,,1.7,,,,,,,,,,
World,WLD,"Hospital beds (per 1,000 people)",SH.MED.BEDS.ZS,,,,,,,,,,,3.079290554,,,,,2.399763331,,,,,3.592879682,,,,,4.125662897,,,,,3.645159843,3.42767217,,,,,,,,,,,2.876517847,3.061219636,,2.880305406,,,,,,2.70442921,,,,,,,
Samoa,WSM,"Hospital beds (per 1,000 people)",SH.MED.BEDS.ZS,5,,,,,,,,,,4.558199883,,,,,,,,,,4.496799946,4.363999844,,,,,,,,,,,,,,,,,,,3.299999952,,1.5,2.04,,1,,,,,,,,,,,,,
Kosovo,XKX,"Hospital beds (per 1,000 people)",SH.MED.BEDS.ZS,,,,,,,,,,,,,,,,,,,,,,,,,,,,,,,,,,,,,,,,,,,,,,,,,,,,,,,,,,,
"Yemen, Rep.",YEM,"Hospital beds (per 1,000 people)",SH.MED.BEDS.ZS,0.454545468,,,,,,,,,,0.809700012,,,,,0.865499973,,,,,,,,,,,,,,,0.836199999,,,,,,0.689999998,,0.600000024,,0.6,0.6,0.6,0.6,0.6,0.6,0.7,0.7,0.7,0.7,0.7,0.7,0.7,0.7,0.7,,,,
South Africa,ZAF,"Hospital beds (per 1,000 people)",SH.MED.BEDS.ZS,,,,,,,,,,,,,,,,,,,,,,,,,,,,,,,,,,,,,,,,,,,,,,2.8,,,,,,,,,,,,,
Zambia,ZMB,"Hospital beds (per 1,000 people)",SH.MED.BEDS.ZS,2.801655531,,,,,,,,,,3.161099911,,,,,3.336800098,,,,,,3.482199907,,,,,,,,,,,,,,,,,,,,,,,2,,,,1.9,,2,,,,,,,,
Zimbabwe,ZWE,"Hospital beds (per 1,000 people)",SH.MED.BEDS.ZS,3.876646042,,,,,,,,,,3.495399952,,,,,3.313699961,,,,,3.00270009,,,,,1.393599987,,1.940799952,,,0.510500014,,,,,,,,,,,,,,,,3,,,,,1.7,,,,,,,
