,Country,Country_Code,Year,Medical doctors (number),Medical doctors (per 10 000 population)
0,Afghanistan, AFG,2016,9842,2.84
1,Afghanistan, AFG,2015,9808,2.907
2,Afghanistan, AFG,2014,9954,3.0389999999999997
3,Afghanistan, AFG,2013,9184,2.8939999999999997
4,Afghanistan, AFG,2012,7521,2.45
5,Afghanistan, AFG,2011,7584,2.553
6,Afghanistan, AFG,2010,6901,2.396
7,Afghanistan, AFG,2009,6037,2.156
8,Afghanistan, AFG,2008,4834,1.771
9,Afghanistan, AFG,2007,4723,1.774
10,Afghanistan, AFG,2006,4220,1.63
11,Afghanistan, AFG,2001,4104,1.9569999999999999
12,Albania, ALB,2016,3511,11.998
13,Albania, ALB,2013,3709,12.706
14,Albania, ALB,2012,3696,12.658
15,Albania, ALB,2011,3578,12.225
16,Albania, ALB,2010,3640,12.379000000000001
17,Algeria, DZA,2016,74309,18.3
18,Algeria, DZA,2007,40857,11.912
19,Algeria, DZA,2005,33952,10.199
20,Algeria, DZA,2002,35368,11.054
21,Andorra, AND,2015,260,33.333
22,Andorra, AND,2003,244,33.333
23,Angola, AGO,2017,6400,2.149
24,Angola, AGO,2009,2956,1.311
25,Angola, AGO,2004,1165,0.618
26,Angola, AGO,1997,881,0.584
27,Antigua and Barbuda, ATG,2017,282,27.647
28,Antigua and Barbuda, ATG,2007,144,15.755
29,Antigua and Barbuda, ATG,1999,12,1.4669999999999999
30,Argentina, ARG,2017,175313,39.6
31,Argentina, ARG,2013,166187,39.066
32,Argentina, ARG,2004,122623,31.662
33,Argentina, ARG,2001,121076,32.311
34,Argentina, ARG,1998,108800,30.021
35,Argentina, ARG,1992,88800,26.385
36,Armenia, ARM,2014,8425,28.99
37,Armenia, ARM,2013,8412,29.072
38,Armenia, ARM,2012,8355,28.991
39,Armenia, ARM,2011,8249,28.686
40,Armenia, ARM,2010,8177,28.419
41,Australia, AUS,2016,86550,35.874
42,Australia, AUS,2015,83804,35.213
43,Australia, AUS,2014,81269,34.62
44,Australia, AUS,2013,78439,33.882
45,Australia, AUS,2012,75258,32.976
46,Australia, AUS,2011,74100,32.963
47,Australia, AUS,2010,74061,33.481
48,Australia, AUS,2009,62800,28.888
49,Australia, AUS,2006,55065,26.765
50,Australia, AUS,2001,47875,24.846
51,Australia, AUS,1996,46043,25.199
52,Austria, AUT,2016,44816,51.441
53,Austria, AUT,2015,44002,50.701
54,Austria, AUT,2014,43126,49.95399999999999
55,Austria, AUT,2013,42302,49.316
56,Austria, AUT,2012,41268,48.45
57,Austria, AUT,2011,40634,48.031000000000006
58,Austria, AUT,2010,40105,47.688
59,Azerbaijan, AZE,2014,32756,34.466
60,Azerbaijan, AZE,2013,32434,34.558
61,Azerbaijan, AZE,2012,32335,34.900999999999996
62,Azerbaijan, AZE,2011,31441,34.375
63,Azerbaijan, AZE,2010,33085,36.629
64,Bahamas, BHS,2017,766,19.373
65,Bahamas, BHS,2011,830,22.64
66,Bahamas, BHS,2008,947,27.158
67,Bahamas, BHS,1998,312,10.755
68,Bahrain, BHR,2015,1270,9.257
69,Bahrain, BHR,2014,1279,9.57
70,Bahrain, BHR,2013,1254,9.533
71,Bahrain, BHR,2012,1244,9.568
72,Bahrain, BHR,2011,1208,9.45
73,Bahrain, BHR,2010,1178,9.493
74,Bahrain, BHR,2009,1149,9.696
75,Bahrain, BHR,2008,1103,9.896
76,Bahrain, BHR,2007,1052,10.155
77,Bahrain, BHR,2006,972,10.142000000000001
78,Bahrain, BHR,2005,928,10.436
79,Bahrain, BHR,2004,803,9.677
80,Bahrain, BHR,2003,816,10.479000000000001
81,Bahrain, BHR,2002,792,10.774000000000001
82,Bahrain, BHR,2001,742,10.636
83,Bahrain, BHR,2000,678,10.202
84,Bangladesh, BGD,2017,86754,5.268
85,Bangladesh, BGD,2016,78572,4.822
86,Bangladesh, BGD,2015,75915,4.709
87,Bangladesh, BGD,2014,75514,4.737
88,Bangladesh, BGD,2013,64434,4.0889999999999995
89,Bangladesh, BGD,2012,60413,3.8789999999999996
90,Bangladesh, BGD,2011,57313,3.7239999999999998
91,Bangladesh, BGD,2010,53643,3.5260000000000002
92,Bangladesh, BGD,2009,51721,3.438
93,Bangladesh, BGD,2008,49357,3.3169999999999997
94,Bangladesh, BGD,2007,46978,3.193
95,Bangladesh, BGD,2006,44632,3.07
96,Bangladesh, BGD,2005,42881,2.99
97,Bangladesh, BGD,2004,38485,2.7230000000000003
98,Bangladesh, BGD,2003,36576,2.6310000000000002
99,Bangladesh, BGD,2001,32498,2.423
100,Barbados, BRB,2017,711,24.886
101,Barbados, BRB,2005,489,17.847
102,Barbados, BRB,2001,420,15.515
103,Barbados, BRB,2000,365,13.529000000000002
104,Barbados, BRB,1995,358,13.509
105,Belarus, BLR,2014,38671,40.772
106,Belarus, BLR,2013,37281,39.330999999999996
107,Belarus, BLR,2012,36759,38.809
108,Belarus, BLR,2011,35936,37.953
109,Belarus, BLR,2010,33325,35.179
110,Belgium, BEL,2016,37748,33.234
111,Belgium, BEL,2015,34020,30.138
112,Belgium, BEL,2014,33353,29.729
113,Belgium, BEL,2013,32999,29.592
114,Belgium, BEL,2012,32583,29.397
115,Belgium, BEL,2011,32182,29.221999999999998
116,Belgium, BEL,2010,31815,29.085
117,Belgium, BEL,2006,22256,20.956999999999997
118,Belgium, BEL,2005,21599,20.479
119,Belize, BLZ,2017,422,11.262
120,Belize, BLZ,2012,387,11.494000000000002
121,Belize, BLZ,2009,241,7.678
122,Belize, BLZ,2000,251,10.15
123,Benin, BEN,2016,1709,1.5719999999999998
124,Benin, BEN,2013,1507,1.506
125,Benin, BEN,2012,1601,1.646
126,Benin, BEN,2008,542,0.623
127,Benin, BEN,2004,311,0.401
128,Bhutan, BTN,2017,300,3.715
129,Bhutan, BTN,2016,299,3.748
130,Bhutan, BTN,2015,251,3.188
131,Bhutan, BTN,2014,244,3.142
132,Bhutan, BTN,2013,203,2.654
133,Bhutan, BTN,2012,194,2.576
134,Bhutan, BTN,2008,171,2.439
135,Bhutan, BTN,2007,144,2.096
136,Bhutan, BTN,2004,118,1.8430000000000002
137,Bolivia, BOL,2016,17542,16.111
138,Bolivia, BOL,2011,4771,4.734
139,Bolivia, BOL,2010,4406,4.442
140,Bolivia, BOL,2007,3170,3.358
141,Bolivia, BOL,2001,10329,12.157
142,Bosnia and Herzegovina, BIH,2013,7211,20.003
143,Bosnia and Herzegovina, BIH,2012,7026,19.259
144,Bosnia and Herzegovina, BIH,2011,6881,18.653
145,Bosnia and Herzegovina, BIH,2010,6665,17.907
146,Botswana, BWA,2016,830,3.688
147,Botswana, BWA,2012,819,3.92
148,Botswana, BWA,2011,819,3.9930000000000003
149,Botswana, BWA,2010,819,4.065
150,Botswana, BWA,2009,693,3.5
151,Botswana, BWA,2008,716,3.679
152,Botswana, BWA,2007,709,3.7039999999999997
153,Botswana, BWA,2006,591,3.137
154,Botswana, BWA,2005,466,2.511
155,Botswana, BWA,2004,715,3.909
156,Botswana, BWA,2003,526,2.915
157,Botswana, BWA,2002,536,3.011
158,Botswana, BWA,2001,510,2.906
159,Botswana, BWA,2000,499,2.887
160,Botswana, BWA,1999,507,2.983
161,Botswana, BWA,1998,424,2.54
162,Brazil, BRA,2018,453351,21.499000000000002
163,Brazil, BRA,2017,450009,21.502
164,Brazil, BRA,2013,378354,18.692999999999998
165,Brazil, BRA,2011,365231,18.382
166,Brazil, BRA,2010,355006,18.039
167,Brazil, BRA,2009,352318,18.077
168,Brazil, BRA,2008,341849,17.714000000000002
169,Brazil, BRA,2007,329041,17.225
170,Brazil, BRA,2006,320013,16.930999999999997
171,Brazil, BRA,2005,310138,16.592
172,Brazil, BRA,2004,292014,15.807
173,Brazil, BRA,2003,268169,14.696
174,Brazil, BRA,2002,254604,14.133
175,Brazil, BRA,2001,246219,13.852
176,Brazil, BRA,2000,198153,11.304
177,Brazil, BRA,1999,236668,13.699000000000002
178,Brazil, BRA,1998,216632,12.73
179,Brazil, BRA,1997,215875,12.885
180,Brazil, BRA,1996,206675,12.532
181,Brazil, BRA,1995,198479,12.229000000000001
182,Brazil, BRA,1994,190554,11.932
183,Brazil, BRA,1993,183068,11.651
184,Brazil, BRA,1992,175848,11.377
185,Brazil, BRA,1990,161880,10.839
186,Brunei, BRN,2015,739,17.701
187,Brunei, BRN,2014,619,15.035
188,Brunei, BRN,2013,656,16.17
189,Brunei, BRN,2012,596,14.911
190,Brunei, BRN,2011,608,15.431
191,Brunei, BRN,2010,563,14.484000000000002
192,Brunei, BRN,2009,445,11.595
193,Brunei, BRN,2008,564,14.869000000000002
194,Brunei, BRN,2007,393,10.482999999999999
195,Brunei, BRN,2006,399,10.775
196,Brunei, BRN,2005,390,10.679
197,Brunei, BRN,2004,463,12.879000000000001
198,Brunei, BRN,2002,400,11.530999999999999
199,Brunei, BRN,2000,336,10.084
200,Bulgaria, BGR,2014,28801,39.879
201,Bulgaria, BGR,2013,28891,39.760999999999996
202,Bulgaria, BGR,2012,28599,39.121
203,Bulgaria, BGR,2011,28384,38.585
204,Bulgaria, BGR,2010,27963,37.764
205,Burkina Faso, BFA,2016,1119,0.6
206,Burkina Faso, BFA,2012,787,0.475
207,Burkina Faso, BFA,2011,620,0.386
208,Burkina Faso, BFA,2010,713,0.457
209,Burkina Faso, BFA,2009,676,0.446
210,Burkina Faso, BFA,2008,473,0.322
211,Burkina Faso, BFA,2004,708,0.5429999999999999
212,Burundi, BDI,2016,526,0.5
213,Burundi, BDI,2010,418,0.47700000000000004
214,Burundi, BDI,2004,200,0.278
215,Cambodia, KHM,2014,2568,1.682
216,Cambodia, KHM,2013,7149,4.7589999999999995
217,Cambodia, KHM,2012,2440,1.651
218,Cambodia, KHM,2011,3291,2.2640000000000002
219,Cambodia, KHM,2010,3294,2.302
220,Cambodia, KHM,2009,3351,2.378
221,Cambodia, KHM,2008,3393,2.444
222,Cambodia, KHM,2000,2047,1.6840000000000002
223,Cambodia, KHM,1998,1711,1.475
224,Cambodia, KHM,1996,1247,1.136
225,Cameroon, CMR,2011,1842,0.898
226,Cameroon, CMR,2010,1712,0.857
227,Cameroon, CMR,2009,1346,0.693
228,Cameroon, CMR,2007,1319,0.7170000000000001
229,Cameroon, CMR,2005,1049,0.602
230,Cameroon, CMR,2004,3124,1.8419999999999999
231,Canada, CAN,2017,95596,26.101999999999997
232,Canada, CAN,2016,93150,25.668000000000003
233,Canada, CAN,2015,91268,25.388
234,Canada, CAN,2014,88873,24.961
235,Canada, CAN,2013,86406,24.509
236,Canada, CAN,2012,83629,23.962
237,Canada, CAN,2010,69648,20.384
238,Canada, CAN,2008,65440,19.59
239,Canada, CAN,2006,62307,19.086
240,Canada, CAN,2004,60612,18.971
241,Canada, CAN,2002,59412,18.969
242,Canada, CAN,2001,58546,18.871
243,Canada, CAN,1998,56163,18.611
244,Central African Republic, CAF,2015,286,0.629
245,Central African Republic, CAF,2009,205,0.465
246,Central African Republic, CAF,2008,173,0.39799999999999996
247,Central African Republic, CAF,2004,331,0.816
248,Chad, TCD,2016,686,0.475
249,Chad, TCD,2013,573,0.436
250,Chad, TCD,2012,528,0.41600000000000004
251,Chad, TCD,2006,368,0.353
252,Chad, TCD,2004,345,0.355
253,Chad, TCD,2000,235,0.282
254,Chad, TCD,1999,232,0.28800000000000003
255,Chad, TCD,1998,156,0.201
256,Chad, TCD,1997,195,0.26
257,Chile, CHL,2016,19342,10.8
258,Chile, CHL,2009,17382,10.328
259,Chile, CHL,2008,17358,10.418
260,Chile, CHL,2007,17134,10.389000000000001
261,Chile, CHL,2006,17016,10.427
262,Chile, CHL,2005,15865,9.825
263,Chile, CHL,2004,15762,9.867
264,Chile, CHL,2003,15003,9.496
265,Chile, CHL,2002,13992,8.956
266,Chile, CHL,1992,13650,9.985
267,China, CHN,2015,2508408,17.855
268,China, CHN,2014,2374917,16.989
269,China, CHN,2013,2285794,16.438
270,China, CHN,2012,2138836,15.467
271,China, CHN,2011,2025873,14.732999999999999
272,China, CHN,2010,2000000,14.627
273,China, CHN,2009,1905436,14.015
274,China, CHN,2002,1463573,11.208
275,China, CHN,2000,1603266,12.425999999999998
276,China, CHN,1999,1561584,12.177
277,China, CHN,1998,1513975,11.880999999999998
278,China, CHN,1997,1505342,11.892000000000001
279,China, CHN,1996,1475232,11.74
280,China, CHN,1995,1454926,11.672
281,China, CHN,1990,1302997,11.056
282,China, CHN,1985,724238,
283,China, CHN,1980,709473,
284,China, CHN,1978,609608,
285,Colombia, COL,2017,102230,20.835
286,Colombia, COL,2016,97483,20.035999999999998
287,Colombia, COL,2015,93460,19.379
288,Colombia, COL,2014,87050,18.214000000000002
289,Colombia, COL,2013,85522,18.064
290,Colombia, COL,2012,81573,17.4
291,Colombia, COL,2011,77473,16.694000000000003
292,Colombia, COL,2010,71980,15.675999999999998
293,Colombia, COL,2009,70115,15.437999999999999
294,Colombia, COL,2008,68278,15.206
295,Colombia, COL,2007,66447,14.974
296,Colombia, COL,2006,64624,14.742
297,Colombia, COL,2005,62807,14.51
298,Colombia, COL,2002,58761,14.135
299,Colombia, COL,1999,51776,13.003
300,Colombia, COL,1998,49737,12.677
301,Colombia, COL,1997,47651,12.33
302,Colombia, COL,1996,45627,11.992
303,Colombia, COL,1994,41991,11.402999999999999
304,Colombia, COL,1993,40245,11.119000000000002
305,Colombia, COL,1992,38062,10.704
306,Colombia, COL,1991,35826,10.26
307,Colombia, COL,1990,33582,9.799
308,Colombia, COL,1989,31646,
309,Colombia, COL,1988,29492,
310,Colombia, COL,1987,27688,
311,Colombia, COL,1986,25641,
312,Colombia, COL,1985,23481,
313,Colombia, COL,1984,21709,
314,Comoros, COM,2012,123,1.699
315,Comoros, COM,2009,128,1.901
316,Comoros, COM,2005,116,1.8969999999999998
317,Comoros, COM,2004,115,1.926
318,Democratic Republic of the Congo, COD,2011,523,1.159
319,Democratic Republic of the Congo, COD,2007,401,1.008
320,Democratic Republic of the Congo, COD,2006,782,2.035
321,Democratic Republic of the Congo, COD,2004,756,2.097
322,Democratic Republic of the Congo, COD,1998,2155,7.069
323,Democratic Republic of the Congo, COD,2013,6418,0.9
324,Democratic Republic of the Congo, COD,2009,5832,0.934
325,Cook Islands, COK,2014,25,14.205
326,Cook Islands, COK,2009,24,12.698
327,Cook Islands, COK,2004,20,10.255999999999998
328,Cook Islands, COK,2001,14,7.65
329,Costa Rica, CRI,2013,5411,11.497
330,Costa Rica, CRI,2000,5204,13.257
331,Ivory Coast, CIV,2014,5240,2.326
332,Ivory Coast, CIV,2011,3220,1.541
333,Ivory Coast, CIV,2008,2746,1.4080000000000001
334,Ivory Coast, CIV,2005,1698,0.9259999999999999
335,Ivory Coast, CIV,2004,2081,1.156
336,Croatia, HRV,2016,12624,29.962
337,Croatia, HRV,2014,13302,31.244
338,Croatia, HRV,2013,12906,30.17
339,Croatia, HRV,2012,12772,29.726999999999997
340,Croatia, HRV,2011,12490,28.956
341,Croatia, HRV,2010,12304,28.428
342,Croatia, HRV,1999,8046,18.055
343,Croatia, HRV,1998,8600,19.146
344,Croatia, HRV,1997,9315,20.552
345,Croatia, HRV,1996,9423,20.596999999999998
346,Croatia, HRV,1995,9090,19.689
347,Croatia, HRV,1994,9138,19.619
348,Croatia, HRV,1993,9280,19.755
349,Croatia, HRV,1992,9446,19.958
350,Croatia, HRV,1991,9303,19.544
351,Croatia, HRV,1990,10152,21.255
352,Croatia, HRV,1989,10173,
353,Croatia, HRV,1988,9955,
354,Croatia, HRV,1987,9792,
355,Croatia, HRV,1986,9522,
356,Cuba, CUB,2017,94059,81.9
357,Cuba, CUB,2014,85563,74.794
358,Cuba, CUB,2013,83698,73.34100000000001
359,Cuba, CUB,2012,82065,72.09899999999999
360,Cuba, CUB,2011,78622,69.242
361,Cuba, CUB,2010,76506,67.507
362,Cuba, CUB,2009,74880,66.157
363,Cuba, CUB,2008,74552,65.918
364,Cuba, CUB,2007,72416,64.064
365,Cuba, CUB,2006,71489,63.286
366,Cuba, CUB,2005,70594,62.559
367,Cuba, CUB,2004,69713,61.873999999999995
368,Cuba, CUB,2003,68017,60.486999999999995
369,Cuba, CUB,2002,67079,59.79600000000001
370,Cuba, CUB,2001,66325,59.29
371,Cuba, CUB,2000,65997,59.18600000000001
372,Cuba, CUB,1999,64863,58.383
373,Cuba, CUB,1998,63483,57.376999999999995
374,Cuba, CUB,1997,62624,56.858999999999995
375,Cuba, CUB,1996,60129,54.857
376,Cuba, CUB,1995,56836,52.114
377,Cuba, CUB,1994,54065,49.827
378,Cuba, CUB,1993,51045,47.29
379,Cuba, CUB,1992,46860,43.658
380,Cuba, CUB,1991,42634,39.981
381,Cuba, CUB,1990,38690,36.562
382,Cuba, CUB,1985,22910,
383,Cuba, CUB,1980,15247,
384,Cuba, CUB,1975,9328,
385,Cyprus, CYP,2016,2283,19.511
386,Cyprus, CYP,2014,2880,24.993000000000002
387,Cyprus, CYP,2013,2754,24.076
388,Cyprus, CYP,2012,2606,22.958000000000002
389,Cyprus, CYP,2011,2529,22.484
390,Cyprus, CYP,2010,2399,21.561999999999998
391,Cyprus, CYP,2009,2313,21.064
392,Cyprus, CYP,2008,2218,20.506999999999998
393,Cyprus, CYP,2007,2143,20.147000000000002
394,Cyprus, CYP,1995,1607,18.787
395,Cyprus, CYP,1990,1199,15.64
396,Cyprus, CYP,1985,846,
397,Cyprus, CYP,1980,560,
398,Cyprus, CYP,1976,478,
399,Cyprus, CYP,1970,512,
400,Cyprus, CYP,1965,448,
401,Cyprus, CYP,1960,391,
402,North Korea, PRK,2017,93667,36.745
403,North Korea, PRK,2016,93667,36.922
404,North Korea, PRK,2014,87839,34.973
405,North Korea, PRK,2012,85470,34.389
406,North Korea, PRK,2008,79931,32.846
407,North Korea, PRK,2003,74597,31.691
408,Denmark, DNK,2016,25456,44.567
409,Denmark, DNK,2015,20902,36.743
410,Denmark, DNK,2014,20639,36.44
411,Denmark, DNK,2013,20519,36.395
412,Denmark, DNK,2012,20457,36.461
413,Denmark, DNK,2011,20201,36.184
414,Denmark, DNK,2010,19881,35.791
415,Denmark, DNK,2009,18797,34.013000000000005
416,Denmark, DNK,2008,18657,33.935
417,Denmark, DNK,2005,17350,32.001
418,Denmark, DNK,2004,16439,30.427
419,Denmark, DNK,2003,16152,29.983
420,Denmark, DNK,2001,19600,36.58
421,Denmark, DNK,1997,15389,29.159000000000002
422,Denmark, DNK,1995,15192,29.033
423,Denmark, DNK,1994,15102,28.979
424,Djibouti, DJI,2014,201,2.2030000000000003
425,Djibouti, DJI,2006,185,2.324
426,Djibouti, DJI,2005,140,1.788
427,Djibouti, DJI,2004,129,1.6740000000000002
428,Djibouti, DJI,1999,93,1.328
429,Dominica, DMA,2017,80,10.825
430,Dominica, DMA,2001,124,17.791
431,Dominica, DMA,1997,38,5.367000000000001
432,Dominican Republic, DOM,2017,16796,15.6
433,Dominican Republic, DOM,2011,14983,14.943
434,Dominican Republic, DOM,2008,10385,10.777000000000001
435,Dominican Republic, DOM,2000,15670,18.301
436,Ecuador, ECU,2016,33589,20.5
437,Ecuador, ECU,2015,33474,20.734
438,Ecuador, ECU,2011,25277,16.654
439,Ecuador, ECU,2010,31690,21.219
440,Ecuador, ECU,2009,23614,16.073
441,Ecuador, ECU,2003,20020,15.064
442,Ecuador, ECU,2002,20592,15.753
443,Ecuador, ECU,2001,19939,15.513
444,Ecuador, ECU,2000,18335,14.519
445,Ecuador, ECU,1999,17075,13.772
446,Ecuador, ECU,1998,16016,13.167
447,Ecuador, ECU,1997,15866,13.305
448,Ecuador, ECU,1996,15388,13.171
449,Ecuador, ECU,1995,14271,12.474
450,Ecuador, ECU,1994,14271,12.745999999999999
451,Ecuador, ECU,1993,12149,11.094000000000001
452,Ecuador, ECU,1992,12853,12.005999999999998
453,Ecuador, ECU,1991,12205,11.667
454,Ecuador, ECU,1990,9785,9.576
455,Ecuador, ECU,1989,10403,
456,Ecuador, ECU,1988,10719,
457,Ecuador, ECU,1987,9901,
458,Ecuador, ECU,1986,8742,
459,Ecuador, ECU,1985,9414,
460,Ecuador, ECU,1984,8742,
461,Ecuador, ECU,1983,7750,
462,Ecuador, ECU,1982,7228,
463,Ecuador, ECU,1981,6545,
464,Egypt, EGY,2017,77083,7.902
465,Egypt, EGY,2016,77579,8.107000000000001
466,Egypt, EGY,2015,75960,8.1
467,Egypt, EGY,2014,72901,7.94
468,Egypt, EGY,2003,38485,5.202000000000001
469,El Salvador, SLV,2016,9955,15.69
470,El Salvador, SLV,2008,11542,18.889
471,El Salvador, SLV,2005,10355,17.175
472,El Salvador, SLV,2002,7938,13.363
473,El Salvador, SLV,1999,7268,12.477
474,Equatorial Guinea, GNQ,2017,507,4.0
475,Equatorial Guinea, GNQ,2004,153,2.1109999999999998
476,Eritrea, ERI,2004,215,0.557
477,Estonia, EST,2016,4548,34.650999999999996
478,Estonia, EST,2015,4492,34.152
479,Estonia, EST,2014,4364,33.101
480,Estonia, EST,2013,4395,33.255
481,Estonia, EST,2012,4343,32.78
482,Estonia, EST,2011,4372,32.912
483,Estonia, EST,2010,4319,32.422
484,Estonia, EST,2000,6118,43.728
485,Ethiopia, ETH,2017,10496,1.0
486,Ethiopia, ETH,2009,2152,0.252
487,Ethiopia, ETH,2008,2085,0.251
488,Ethiopia, ETH,2007,1806,0.223
489,Ethiopia, ETH,2006,2115,0.268
490,Ethiopia, ETH,2005,2453,0.32
491,Ethiopia, ETH,2004,1996,0.267
492,Ethiopia, ETH,2003,1936,0.267
493,Fiji, FJI,2015,747,8.374
494,Fiji, FJI,2013,706,8.025
495,Fiji, FJI,2009,372,4.3660000000000005
496,Fiji, FJI,2008,337,3.9960000000000004
497,Fiji, FJI,2003,380,4.6530000000000005
498,Fiji, FJI,1999,271,3.36
499,Finland, FIN,2016,20956,38.08
500,Finland, FIN,2014,17511,32.073
501,Finland, FIN,2013,17116,31.483
502,Finland, FIN,2012,16614,30.693
503,Finland, FIN,2011,16090,29.855999999999998
504,Finland, FIN,2010,16030,29.874000000000002
505,Finland, FIN,2009,15384,28.795
506,Finland, FIN,2002,16446,31.546
507,France, FRA,2016,209367,32.349000000000004
508,France, FRA,2015,207789,32.236999999999995
509,France, FRA,2014,206159,32.117
510,France, FRA,2013,203490,31.835
511,France, FRA,2012,201811,31.711
512,France, FRA,2011,199920,31.561
513,France, FRA,2007,227683,36.746
514,France, FRA,1996,188500,32.222
515,France, FRA,1991,175500,30.662
516,Gabon, GAB,2016,715,3.611
517,Gabon, GAB,2004,395,2.895
518,Gabon, GAB,1995,321,2.9560000000000004
519,Gabon, GAB,1994,277,2.616
520,Gabon, GAB,1993,225,2.181
521,Gabon, GAB,1991,189,1.932
522,Gambia, GMB,2015,213,1.077
523,Gambia, GMB,2008,175,1.102
524,Gambia, GMB,2007,159,1.033
525,Gambia, GMB,2006,175,1.1740000000000002
526,Gambia, GMB,2005,166,1.149
527,Gambia, GMB,2004,166,1.187
528,Gambia, GMB,2003,156,1.1520000000000001
529,Georgia, GEO,2015,20143,50.976000000000006
530,Georgia, GEO,2014,19270,48.266999999999996
531,Georgia, GEO,2013,18278,45.177
532,Georgia, GEO,2012,18235,44.391999999999996
533,Georgia, GEO,2011,18366,44.028999999999996
534,Georgia, GEO,2010,18227,43.073
535,Georgia, GEO,2009,20609,48.065
536,Georgia, GEO,2008,20253,46.661
537,Germany, DEU,2016,344755,42.086999999999996
538,Germany, DEU,2015,338129,41.383
539,Germany, DEU,2014,332695,40.827
540,Germany, DEU,2013,325407,40.043
541,Germany, DEU,2012,317390,39.152
542,Germany, DEU,2011,311223,38.454
543,Germany, DEU,2010,303645,37.536
544,Ghana, GHA,2017,5190,1.8
545,Ghana, GHA,2016,3618,1.2830000000000001
546,Ghana, GHA,2013,4443,1.686
547,Ghana, GHA,2010,2325,0.9490000000000001
548,Ghana, GHA,2009,2033,0.85
549,Ghana, GHA,2008,2587,1.11
550,Ghana, GHA,2007,1665,0.733
551,Ghana, GHA,2004,3240,1.544
552,Greece, GRC,2016,51356,45.92
553,Greece, GRC,2014,68807,61.082
554,Greece, GRC,2013,68886,60.846000000000004
555,Greece, GRC,2012,69215,60.831
556,Greece, GRC,2011,69435,60.786
557,Greece, GRC,2010,69265,60.515
558,Grenada, GRD,2017,156,14.470999999999998
559,Grenada, GRD,2006,69,6.68
560,Grenada, GRD,2003,58,5.664
561,Grenada, GRD,2002,58,5.681
562,Grenada, GRD,2001,58,5.697
563,Grenada, GRD,2000,58,5.709
564,Grenada, GRD,1999,59,5.819
565,Grenada, GRD,1997,41,4.055
566,Guatemala, GTM,2018,6122,3.55
567,Guatemala, GTM,2009,12940,9.039
568,Guatemala, GTM,1999,9965,8.751
569,Guinea, GIN,2016,977,0.7879999999999999
570,Guinea, GIN,2005,940,0.971
571,Guinea, GIN,2004,987,1.04
572,Guinea, GIN,2000,764,0.867
573,Guinea-Bissau, GNB,2015,354,2.0
574,Guinea-Bissau, GNB,2011,100,0.626
575,Guinea-Bissau, GNB,2009,124,0.8170000000000001
576,Guinea-Bissau, GNB,2008,78,0.527
577,Guinea-Bissau, GNB,2004,188,1.392
578,Guyana, GUY,2018,625,7.99
579,Guyana, GUY,2010,515,6.898
580,Guyana, GUY,2009,161,2.1590000000000003
581,Guyana, GUY,2000,366,4.859
582,Haiti, HTI,2018,2606,2.345
583,Haiti, HTI,2011,1392,1.3719999999999999
584,Haiti, HTI,1998,1949,2.36
585,Honduras, HND,2017,2913,3.1439999999999997
586,Honduras, HND,2016,5546,6.086
587,Honduras, HND,2013,8657,9.999
588,Honduras, HND,2005,2680,3.635
589,Honduras, HND,2000,3676,5.6339999999999995
590,Hungary, HUN,2016,31515,32.312
591,Hungary, HUN,2015,30486,31.159000000000002
592,Hungary, HUN,2014,32791,33.415
593,Hungary, HUN,2013,31748,32.259
594,Hungary, HUN,2012,30641,31.046
595,Hungary, HUN,2011,29500,29.803
596,Hungary, HUN,2010,28686,28.894000000000002
597,Hungary, HUN,2009,35196,35.341
598,Hungary, HUN,2008,36088,36.12
599,Hungary, HUN,2007,32202,32.125
600,Hungary, HUN,2006,35272,35.076
601,Hungary, HUN,2005,32563,32.284
602,Hungary, HUN,2004,38877,38.435
603,Hungary, HUN,2003,38241,37.705999999999996
604,Hungary, HUN,2002,37295,36.679
605,Hungary, HUN,1999,36386,35.499
606,Hungary, HUN,1998,36143,35.158
607,Hungary, HUN,1997,35477,34.414
608,Hungary, HUN,1996,35026,33.897
609,Hungary, HUN,1995,34634,33.463
610,Hungary, HUN,1994,34622,33.425
611,Hungary, HUN,1993,34093,32.91
612,Hungary, HUN,1992,34546,33.348
613,Hungary, HUN,1991,33859,32.671
614,Hungary, HUN,1990,32883,31.686999999999998
615,Iceland, ISL,2017,1330,39.701
616,Iceland, ISL,2016,1292,38.857
617,Iceland, ISL,2015,1249,37.826
618,Iceland, ISL,2014,1193,36.317
619,Iceland, ISL,2013,1168,35.719
620,Iceland, ISL,2012,1142,35.084
621,Iceland, ISL,2011,1118,34.57
622,Iceland, ISL,2010,1142,35.654
623,Iceland, ISL,2009,1167,36.919000000000004
624,Iceland, ISL,2008,1158,37.247
625,Iceland, ISL,2007,1127,36.927
626,Iceland, ISL,2006,1093,36.47
627,Iceland, ISL,2005,1070,36.271
628,Iceland, ISL,2004,1056,36.275999999999996
629,Iceland, ISL,2003,1047,36.354
630,Iceland, ISL,2002,1029,36.067
631,Iceland, ISL,2001,990,34.995
632,Iceland, ISL,2000,968,34.522
633,India, IND,2017,1041395,7.776
634,India, IND,2016,1005281,7.5920000000000005
635,India, IND,2014,938861,7.256
636,India, IND,2013,918303,7.182
637,India, IND,2012,883812,6.997000000000001
638,India, IND,2011,922177,7.394
639,India, IND,2010,816629,6.6339999999999995
640,India, IND,2009,757377,6.237
641,India, IND,2008,736743,6.154
642,India, IND,2007,708000,6.002000000000001
643,India, IND,2006,682000,5.869
644,India, IND,2005,660801,5.776
645,India, IND,2004,645825,5.735
646,India, IND,2003,625400,5.644
647,India, IND,2002,607000,5.57
648,India, IND,2001,577100,5.386
649,India, IND,2000,555600,5.276
650,India, IND,1991,1088048,12.252
651,Indonesia, IDN,2017,99703,3.7769999999999997
652,Indonesia, IDN,2015,70735,2.74
653,Indonesia, IDN,2013,78587,3.1180000000000003
654,Indonesia, IDN,2012,76523,3.075
655,Indonesia, IDN,2010,33736,1.391
656,Indonesia, IDN,2009,34544,1.443
657,Indonesia, IDN,2003,29499,1.338
658,Indonesia, IDN,1993,11067,0.58
659,Iran, IRN,2015,90470,11.4
660,Iran, IRN,2014,116536,14.862
661,Iran, IRN,2006,37822,5.31
662,Iran, IRN,2005,61870,8.786
663,Iran, IRN,2004,60791,8.732000000000001
664,Iraq, IRQ,2017,31451,8.217
665,Iraq, IRQ,2016,31250,8.4
666,Iraq, IRQ,2014,30131,8.607000000000001
667,Iraq, IRQ,2010,19738,6.416
668,Ireland, IRL,2017,14695,30.861
669,Ireland, IRL,2016,13959,29.535999999999998
670,Ireland, IRL,2015,13075,27.819000000000003
671,Ireland, IRL,2014,12982,27.701999999999998
672,Ireland, IRL,2013,12367,26.414
673,Ireland, IRL,2012,12450,26.613000000000003
674,Ireland, IRL,2011,12215,26.198
675,Ireland, IRL,2006,10100,23.47
676,Israel, ISR,2016,26358,32.176
677,Israel, ISR,2015,25731,31.906
678,Israel, ISR,2014,24494,30.844
679,Israel, ISR,2013,27667,35.375
680,Israel, ISR,2012,25733,33.423
681,Israel, ISR,2011,25300,33.427
682,Israel, ISR,2010,25333,34.114000000000004
683,Israel, ISR,1995,25898,48.555
684,Italy, ITA,2017,242965,40.931
685,Italy, ITA,2016,239642,40.323
686,Italy, ITA,2015,233102,39.174
687,Italy, ITA,2014,235889,39.588
688,Italy, ITA,2013,234918,39.371
689,Italy, ITA,2012,230621,38.608000000000004
690,Jamaica, JAM,2017,3815,13.199000000000002
691,Jamaica, JAM,2016,1322,4.588
692,Jamaica, JAM,2015,1199,4.175
693,Jamaica, JAM,2014,1092,3.815
694,Jamaica, JAM,2013,1337,4.688
695,Jamaica, JAM,2012,1006,3.5410000000000004
696,Jamaica, JAM,2008,1103,3.9530000000000003
697,Jamaica, JAM,2003,2253,8.306000000000001
698,Japan, JPN,2016,308105,24.118000000000002
699,Japan, JPN,2014,300075,23.414
700,Japan, JPN,2012,292039,22.74
701,Japan, JPN,2010,288850,22.47
702,Japan, JPN,2008,286699,22.302
703,Japan, JPN,2006,277927,21.64
704,Japan, JPN,2004,270371,21.088
705,Japan, JPN,2002,262687,20.538
706,Japan, JPN,2000,255792,20.057000000000002
707,Japan, JPN,1998,248611,19.555999999999997
708,Japan, JPN,1996,240908,19.021
709,Japan, JPN,1994,230519,18.285999999999998
710,Japan, JPN,1992,219704,17.528
711,Japan, JPN,1990,211797,17.01
712,Japan, JPN,1988,201658,
713,Japan, JPN,1986,191346,
714,Japan, JPN,1984,181101,
715,Japan, JPN,1982,167952,
716,Japan, JPN,1980,156235,
717,Jordan, JOR,2017,22739,23.436
718,Jordan, JOR,2016,13332,14.099
719,Jordan, JOR,2015,26019,28.406999999999996
720,Jordan, JOR,2014,19655,22.311999999999998
721,Jordan, JOR,2013,18697,22.223000000000003
722,Jordan, JOR,2010,16212,22.572
723,Jordan, JOR,2009,14674,21.513
724,Jordan, JOR,2008,14576,22.46
725,Jordan, JOR,2007,15279,24.671
726,Jordan, JOR,2006,13727,23.131999999999998
727,Jordan, JOR,2005,12909,22.590999999999998
728,Jordan, JOR,2004,11398,20.59
729,Jordan, JOR,2003,12375,22.93
730,Jordan, JOR,2002,11715,22.156
731,Jordan, JOR,2001,10627,20.462
732,Jordan, JOR,2000,9575,18.762999999999998
733,Jordan, JOR,1999,9686,19.314
734,Jordan, JOR,1998,4889,9.921
735,Kazakhstan, KAZ,2014,56873,32.522
736,Kazakhstan, KAZ,2013,59872,34.795
737,Kazakhstan, KAZ,2012,58690,34.684
738,Kazakhstan, KAZ,2011,58730,35.279
739,Kazakhstan, KAZ,2010,57179,34.867
740,Kenya, KEN,2014,9149,1.9880000000000002
741,Kenya, KEN,2013,8682,1.9369999999999998
742,Kenya, KEN,2012,8092,1.854
743,Kenya, KEN,2011,7549,1.777
744,Kenya, KEN,2010,7129,1.724
745,Kenya, KEN,2009,6897,1.714
746,Kenya, KEN,2008,6623,1.692
747,Kenya, KEN,2002,4506,1.357
748,Kiribati, KIR,2013,22,2.028
749,Kiribati, KIR,2011,15,1.433
750,Kiribati, KIR,2010,41,3.9960000000000004
751,Kiribati, KIR,2008,25,2.541
752,Kuwait, KWT,2015,10150,25.789
753,Kuwait, KWT,2014,9789,25.88
754,Kuwait, KWT,2013,8933,24.825
755,Kuwait, KWT,2012,8259,24.323
756,Kuwait, KWT,2011,7781,24.383000000000003
757,Kuwait, KWT,2010,7269,24.245
758,Kuwait, KWT,2009,5340,18.944000000000003
759,Kuwait, KWT,2008,4995,18.833
760,Kuwait, KWT,2007,4711,18.817999999999998
761,Kuwait, KWT,2006,3452,14.520999999999999
762,Kyrgyzstan, KGZ,2014,10833,18.76
763,Kyrgyzstan, KGZ,2013,10838,19.067999999999998
764,Kyrgyzstan, KGZ,2012,10698,19.124000000000002
765,Kyrgyzstan, KGZ,2011,10611,19.27
766,Kyrgyzstan, KGZ,2010,10277,18.953
767,Kyrgyzstan, KGZ,2009,13135,24.594
768,Kyrgyzstan, KGZ,2008,13062,24.822
769,Laos, LAO,2014,3286,4.997
770,Laos, LAO,2013,2939,4.525
771,Laos, LAO,2012,1160,1.808
772,Laos, LAO,2010,5188,8.306000000000001
773,Laos, LAO,2009,1211,1.9680000000000002
774,Laos, LAO,2005,1614,2.805
775,Laos, LAO,2004,2000,3.531
776,Laos, LAO,2000,1517,2.847
777,Laos, LAO,1995,1656,3.4130000000000003
778,Latvia, LVA,2016,6295,31.945999999999998
779,Latvia, LVA,2015,6324,31.736
780,Latvia, LVA,2014,6412,31.804000000000002
781,Latvia, LVA,2013,6423,31.473000000000003
782,Latvia, LVA,2012,6396,30.951999999999998
783,Latvia, LVA,2011,6456,30.853
784,Latvia, LVA,2010,6517,30.758000000000003
785,Latvia, LVA,2009,7964,37.123000000000005
786,Latvia, LVA,2008,8437,38.846
787,Latvia, LVA,2007,8014,36.452
788,Latvia, LVA,2006,8341,37.484
789,Latvia, LVA,2005,8207,36.443000000000005
790,Latvia, LVA,2004,8087,35.486
791,Latvia, LVA,2003,7883,34.188
792,Latvia, LVA,2002,7921,33.959
793,Latvia, LVA,2001,7744,32.832
794,Latvia, LVA,2000,8134,34.118
795,Latvia, LVA,1999,8041,33.391
796,Latvia, LVA,1998,7964,32.766999999999996
797,Latvia, LVA,1997,8395,34.219
798,Latvia, LVA,1996,8627,34.803000000000004
799,Latvia, LVA,1995,8399,33.482
800,Latvia, LVA,1994,8682,34.133
801,Latvia, LVA,1993,9349,36.199
802,Latvia, LVA,1992,10701,40.84
803,Latvia, LVA,1991,12203,46.063
804,Latvia, LVA,1990,12505,46.934
805,Lebanon, LBN,2017,13813,22.71
806,Lebanon, LBN,2016,13506,22.485
807,Lebanon, LBN,2015,13738,23.478
808,Lebanon, LBN,2014,12982,23.168000000000003
809,Lebanon, LBN,2013,13296,25.2
810,Lebanon, LBN,2011,13630,29.705
811,Lebanon, LBN,2010,11583,26.706999999999997
812,Lebanon, LBN,2007,11186,27.373
813,Lebanon, LBN,2006,11760,28.984
814,Lebanon, LBN,2001,11505,34.242
815,Lesotho, LSO,2010,138,0.6759999999999999
816,Lesotho, LSO,2003,89,0.46399999999999997
817,Liberia, LBR,2015,168,0.373
818,Liberia, LBR,2010,90,0.228
819,Liberia, LBR,2008,51,0.139
820,Liberia, LBR,2004,103,0.324
821,Libya, LBY,2017,13757,21.581
822,Libya, LBY,2015,12158,19.5
823,Libya, LBY,2014,13095,21.107
824,Libya, LBY,2009,12009,19.619
825,Libya, LBY,2008,11163,18.442
826,Libya, LBY,2004,7070,12.392999999999999
827,Libya, LBY,1997,6371,12.45
828,Lithuania, LTU,2016,12613,43.37
829,Lithuania, LTU,2015,12605,42.993
830,Lithuania, LTU,2014,12631,42.646
831,Lithuania, LTU,2013,12650,42.205
832,Lithuania, LTU,2012,12604,41.497
833,Lithuania, LTU,2011,12407,40.284
834,Lithuania, LTU,2010,12226,39.138000000000005
835,Lithuania, LTU,1999,14578,41.306999999999995
836,Lithuania, LTU,1998,14622,41.13
837,Lithuania, LTU,1997,14757,41.222
838,Lithuania, LTU,1996,14763,40.966
839,Lithuania, LTU,1995,14737,40.635999999999996
840,Luxembourg, LUX,2017,1766,30.266
841,Luxembourg, LUX,2016,1683,29.234
842,Luxembourg, LUX,2015,1656,29.221999999999998
843,Luxembourg, LUX,2014,1589,28.564
844,Luxembourg, LUX,2013,1525,27.997
845,Luxembourg, LUX,2012,1478,27.761
846,Luxembourg, LUX,2011,1429,27.486
847,Luxembourg, LUX,2010,1404,27.643
848,Madagascar, MDG,2014,4275,1.8119999999999998
849,Madagascar, MDG,2012,3188,1.4269999999999998
850,Madagascar, MDG,2011,3131,1.44
851,Madagascar, MDG,2010,4130,1.953
852,Madagascar, MDG,2009,3730,1.8130000000000002
853,Madagascar, MDG,2008,3719,1.86
854,Madagascar, MDG,2007,3524,1.8130000000000002
855,Madagascar, MDG,2006,3219,1.705
856,Madagascar, MDG,2005,3303,1.801
857,Madagascar, MDG,2004,2780,1.5619999999999998
858,Madagascar, MDG,2003,2550,1.476
859,Madagascar, MDG,2002,2283,1.3619999999999999
860,Malawi, MWI,2016,284,0.157
861,Malawi, MWI,2009,265,0.18
862,Malawi, MWI,2008,257,0.18
863,Malawi, MWI,2004,266,0.21
864,Malaysia, MYS,2015,46491,15.132
865,Malaysia, MYS,2012,38718,13.273
866,Malaysia, MYS,2011,36607,12.784
867,Malaysia, MYS,2010,32979,11.731
868,Malaysia, MYS,2008,25102,9.259
869,Malaysia, MYS,2002,17020,7.0329999999999995
870,Malaysia, MYS,2000,16146,6.9639999999999995
871,Maldives, MDV,2016,444,10.379000000000001
872,Maldives, MDV,2015,1313,31.381
873,Maldives, MDV,2014,770,18.863
874,Maldives, MDV,2010,525,14.402999999999999
875,Maldives, MDV,2009,526,14.838
876,Maldives, MDV,2007,552,16.424
877,Maldives, MDV,2004,302,9.729
878,Maldives, MDV,1996,173,6.672000000000001
879,Maldives, MDV,1993,69,2.845
880,Maldives, MDV,1991,44,1.915
881,Maldives, MDV,1989,39,
882,Mali, MLI,2016,2506,1.393
883,Mali, MLI,2012,1711,1.069
884,Mali, MLI,2011,1609,1.035
885,Mali, MLI,2010,1536,1.0190000000000001
886,Mali, MLI,2009,1346,0.922
887,Mali, MLI,2007,1060,0.775
888,Mali, MLI,2004,1053,0.85
889,Malta, MLT,2015,1636,38.26
890,Malta, MLT,2014,1566,36.795
891,Malta, MLT,2013,1466,34.641
892,Malta, MLT,2012,1381,32.818000000000005
893,Malta, MLT,2011,1319,31.525
894,Malta, MLT,2010,1279,30.738000000000003
895,Marshall Islands, MHL,2012,24,4.553999999999999
896,Marshall Islands, MHL,2011,33,6.2860000000000005
897,Marshall Islands, MHL,2010,32,6.107
898,Marshall Islands, MHL,2007,31,5.95
899,Mauritania, MRT,2017,791,1.79
900,Mauritania, MRT,2015,692,1.655
901,Mauritania, MRT,2014,622,1.531
902,Mauritania, MRT,2010,547,1.515
903,Mauritania, MRT,2009,445,1.2690000000000001
904,Mauritania, MRT,2004,313,1.0290000000000001
905,Mauritius, MUS,2015,2550,20.246
906,Mauritius, MUS,2014,2429,19.320999999999998
907,Mauritius, MUS,2013,2046,16.299
908,Mauritius, MUS,2012,1722,13.739
909,Mauritius, MUS,2011,1810,14.468
910,Mauritius, MUS,2010,1500,12.019
911,Mauritius, MUS,2009,1475,11.857000000000001
912,Mauritius, MUS,2008,1450,11.7
913,Mauritius, MUS,2007,1425,11.549000000000001
914,Mauritius, MUS,2004,1303,10.718
915,Mexico, MEX,2016,286685,22.478
916,Mexico, MEX,2015,283414,22.513
917,Mexico, MEX,2014,265621,21.383000000000003
918,Mexico, MEX,2013,256281,20.915
919,Mexico, MEX,2012,247662,20.497
920,Mexico, MEX,2011,243008,20.405
921,Mexico, MEX,2010,255133,21.747
922,Mexico, MEX,2000,195897,19.259
923,Micronesia, FSM,2009,20,1.923
924,Micronesia, FSM,2008,64,6.124
925,Micronesia, FSM,2005,62,5.837999999999999
926,Micronesia, FSM,2003,60,5.617999999999999
927,Micronesia, FSM,2000,64,5.959
928,Monaco, MCO,2014,250,65.617
929,Monaco, MCO,2013,250,65.789
930,Monaco, MCO,2012,254,67.196
931,Monaco, MCO,2011,250,66.667
932,Mongolia, MNG,2016,8739,28.866
933,Mongolia, MNG,2015,9653,32.426
934,Mongolia, MNG,2014,9300,31.807
935,Mongolia, MNG,2013,8911,31.059
936,Mongolia, MNG,2012,8597,30.549
937,Mongolia, MNG,2011,7943,28.763
938,Mongolia, MNG,2010,7497,27.636999999999997
939,Mongolia, MNG,2009,7140,26.759
940,Mongolia, MNG,2008,7584,28.857
941,Mongolia, MNG,2002,6732,27.548000000000002
942,Montenegro, MNE,2015,1466,23.337
943,Montenegro, MNE,2014,1368,21.794
944,Montenegro, MNE,2013,1338,21.336
945,Montenegro, MNE,2012,1267,20.227
946,Montenegro, MNE,2011,1251,20.0
947,Montenegro, MNE,2010,1268,20.311
948,Morocco, MAR,2017,25992,7.273
949,Morocco, MAR,2014,20947,6.104
950,Morocco, MAR,2013,21309,6.3
951,Morocco, MAR,2009,20682,6.465
952,Morocco, MAR,2007,18269,5.851
953,Morocco, MAR,2004,15991,5.2989999999999995
954,Mozambique, MOZ,2017,2180,0.735
955,Mozambique, MOZ,2013,1452,0.5489999999999999
956,Mozambique, MOZ,2012,1358,0.529
957,Mozambique, MOZ,2011,1268,0.508
958,Mozambique, MOZ,2010,1145,0.473
959,Mozambique, MOZ,2009,1042,0.44299999999999995
960,Mozambique, MOZ,2006,548,0.254
961,Mozambique, MOZ,2004,514,0.253
962,Myanmar, MMR,2017,46110,8.64
963,Myanmar, MMR,2016,32861,6.2139999999999995
964,Myanmar, MMR,2012,29832,5.851
965,Myanmar, MMR,2011,28077,5.553999999999999
966,Myanmar, MMR,2010,26435,5.271
967,Myanmar, MMR,2009,24536,4.927
968,Myanmar, MMR,2008,23709,4.792
969,Myanmar, MMR,2007,21799,4.433
970,Myanmar, MMR,2006,20501,4.197
971,Myanmar, MMR,2005,18584,3.833
972,Myanmar, MMR,2004,17791,3.701
973,Myanmar, MMR,1988,12268,
974,Namibia, NAM,2007,774,3.721
975,Namibia, NAM,2004,598,2.9760000000000004
976,Nauru, NRU,2015,14,12.389000000000001
977,Nauru, NRU,2011,14,13.725
978,Nauru, NRU,2010,11,11.0
979,Nauru, NRU,2009,10,10.101
980,Nauru, NRU,2008,10,10.101
981,Nauru, NRU,2004,10,9.901
982,Nauru, NRU,1995,16,16.0
983,Nepal, NPL,2017,19069,6.507000000000001
984,Nepal, NPL,2014,16854,5.9510000000000005
985,Nepal, NPL,2013,15181,5.425
986,Nepal, NPL,2012,13925,5.0360000000000005
987,Nepal, NPL,2004,5384,2.127
988,Netherlands, NLD,2016,59569,35.067
989,Netherlands, NLD,2015,59073,34.875
990,Netherlands, NLD,2014,57762,34.2
991,Netherlands, NLD,2013,55681,33.065
992,Netherlands, NLD,2012,54511,32.468
993,Netherlands, NLD,2011,52295,31.245
994,Netherlands, NLD,2010,49242,29.516
995,New Zealand, NZL,2016,14100,30.252
996,New Zealand, NZL,2015,13845,30.003
997,New Zealand, NZL,2014,12820,28.073
998,New Zealand, NZL,2013,12584,27.855999999999998
999,New Zealand, NZL,2012,11968,26.788
1000,New Zealand, NZL,2011,11634,26.331
1001,New Zealand, NZL,2010,11412,26.114
1002,New Zealand, NZL,2007,9757,23.049
1003,New Zealand, NZL,2002,8190,20.665
1004,New Zealand, NZL,2001,9027,23.099
1005,Nicaragua, NIC,2018,6320,10.056000000000001
1006,Nicaragua, NIC,2014,5495,9.137
1007,Nicaragua, NIC,2013,5445,9.158
1008,Nicaragua, NIC,2012,5148,8.759
1009,Nicaragua, NIC,2011,4803,8.27
1010,Nicaragua, NIC,2010,4239,7.388
1011,Nicaragua, NIC,2009,4040,7.129
1012,Nicaragua, NIC,2008,3676,6.571000000000001
1013,Nicaragua, NIC,2007,2943,5.329
1014,Nicaragua, NIC,2006,2715,4.981
1015,Nicaragua, NIC,2005,2717,5.051
1016,Nicaragua, NIC,2003,2045,3.9019999999999997
1017,Niger, NER,2014,958,0.5
1018,Niger, NER,2013,946,0.513
1019,Niger, NER,2009,439,0.278
1020,Niger, NER,2008,288,0.18899999999999997
1021,Niger, NER,2004,296,0.225
1022,Nigeria, NGA,2013,65759,3.827
1023,Nigeria, NGA,2010,29120,1.8359999999999999
1024,Nigeria, NGA,2009,58363,3.78
1025,Nigeria, NGA,2008,56526,3.76
1026,Nigeria, NGA,2007,55376,3.782
1027,Nigeria, NGA,2006,49612,3.4789999999999996
1028,Nigeria, NGA,2005,39210,2.822
1029,Nigeria, NGA,2003,34923,2.6460000000000004
1030,Niue, NIU,2008,3,18.75
1031,Niue, NIU,2006,4,23.529
1032,Niue, NIU,2004,4,23.529
1033,Niue, NIU,2003,4,22.221999999999998
1034,Niue, NIU,1996,3,14.286
1035,Norway, NOR,2017,24583,46.336000000000006
1036,Norway, NOR,2016,23619,44.948
1037,Norway, NOR,2015,22848,43.94
1038,Norway, NOR,2014,22754,44.266000000000005
1039,Norway, NOR,2013,21874,43.083999999999996
1040,Norway, NOR,2012,21238,42.373999999999995
1041,Norway, NOR,2011,20744,41.927
1042,Norway, NOR,2010,20114,41.167
1043,Norway, NOR,2009,19579,40.56
1044,Oman, OMN,2017,9132,19.697
1045,Oman, OMN,2016,8931,20.184
1046,Oman, OMN,2015,8914,21.225
1047,Oman, OMN,2014,8651,21.840999999999998
1048,Oman, OMN,2013,7673,20.674
1049,Oman, OMN,2012,7055,20.363
1050,Oman, OMN,2011,6328,19.547
1051,Oman, OMN,2010,5862,19.273
1052,Oman, OMN,2009,5563,19.296
1053,Oman, OMN,2008,5194,18.826
1054,Oman, OMN,2007,4908,18.432000000000002
1055,Oman, OMN,2006,4579,17.727
1056,Oman, OMN,2005,4182,16.653
1057,Oman, OMN,2004,3871,15.834000000000001
1058,Oman, OMN,2000,3258,14.365
1059,Oman, OMN,1999,2174,9.641
1060,Oman, OMN,1998,2099,9.321
1061,Oman, OMN,1997,1921,8.539
1062,Oman, OMN,1995,2477,11.237
1063,Oman, OMN,1990,1441,7.952000000000001
1064,Oman, OMN,1985,958,
1065,Oman, OMN,1980,514,
1066,Oman, OMN,1975,147,
1067,Oman, OMN,1970,13,
1068,Pakistan, PAK,2015,184711,9.753
1069,Pakistan, PAK,2011,152368,8.748
1070,Pakistan, PAK,2010,144901,8.496
1071,Pakistan, PAK,2009,139555,8.354
1072,Pakistan, PAK,2008,133984,8.187000000000001
1073,Pakistan, PAK,2007,127859,7.975
1074,Pakistan, PAK,2005,126350,8.209
1075,Pakistan, PAK,2004,116298,7.712999999999999
1076,Pakistan, PAK,2001,96248,6.797000000000001
1077,Pakistan, PAK,2000,91823,6.629
1078,Pakistan, PAK,1999,87105,6.433
1079,Pakistan, PAK,1998,82682,6.252000000000001
1080,Pakistan, PAK,1997,78470,6.079
1081,Pakistan, PAK,1996,74229,5.894
1082,Pakistan, PAK,1995,69691,5.6739999999999995
1083,Pakistan, PAK,1994,66196,5.527
1084,Pakistan, PAK,1993,63003,5.396
1085,Pakistan, PAK,1992,60042,5.279
1086,Palau, PLW,2014,25,11.847999999999999
1087,Palau, PLW,2010,29,14.145999999999999
1088,Palau, PLW,2009,29,14.286
1089,Palau, PLW,2006,26,13.0
1090,Palau, PLW,1998,26,14.054
1091,Panama, PAN,2016,6333,15.699000000000002
1092,Panama, PAN,2013,6068,15.808
1093,Panama, PAN,2012,6025,15.969000000000001
1094,Panama, PAN,2011,5551,14.970999999999998
1095,Panama, PAN,2010,5121,14.056
1096,Panama, PAN,2009,4686,13.092
1097,Panama, PAN,2008,4855,13.807
1098,Panama, PAN,2007,4501,13.032
1099,Panama, PAN,2006,4575,13.488
1100,Panama, PAN,2005,4488,13.475
1101,Panama, PAN,2004,4321,13.216
1102,Panama, PAN,2003,4301,13.402000000000001
1103,Panama, PAN,2002,4203,13.345999999999998
1104,Panama, PAN,2001,3843,12.437999999999999
1105,Panama, PAN,1999,3662,12.325
1106,Panama, PAN,1998,3475,11.932
1107,Panama, PAN,1997,3434,12.033
1108,Panama, PAN,1996,3371,12.055
1109,Panama, PAN,1995,3196,11.665999999999999
1110,Panama, PAN,1994,3021,11.255
1111,Panama, PAN,1993,3097,11.777000000000001
1112,Panama, PAN,1992,2947,11.44
1113,Panama, PAN,1991,2831,11.22
1114,Panama, PAN,1990,2750,11.129000000000001
1115,Papua New Guinea, PNG,2010,376,0.529
1116,Papua New Guinea, PNG,2008,333,0.491
1117,Papua New Guinea, PNG,2000,275,0.494
1118,Paraguay, PRY,2018,9421,13.66
1119,Paraguay, PRY,2017,1634,2.399
1120,Paraguay, PRY,2012,8203,12.859000000000002
1121,Paraguay, PRY,2002,6355,11.537
1122,Peru, PER,2016,40352,12.7
1123,Peru, PER,2012,33669,11.164000000000001
1124,Peru, PER,2009,27272,9.404
1125,Peru, PER,2007,47170,16.672
1126,Peru, PER,1999,29799,11.658
1127,Philippines, PHL,2010,119497,12.75
1128,Philippines, PHL,2009,116734,12.658
1129,Philippines, PHL,2008,114159,12.579
1130,Philippines, PHL,2007,111233,12.457
1131,Philippines, PHL,2006,108640,12.372
1132,Philippines, PHL,2005,106083,12.296
1133,Philippines, PHL,2004,93862,11.085
1134,Philippines, PHL,2003,101786,12.259
1135,Philippines, PHL,2002,90370,11.109000000000002
1136,Philippines, PHL,2001,97206,12.202
1137,Philippines, PHL,2000,95032,12.185
1138,Poland, POL,2016,91730,23.998
1139,Poland, POL,2015,88437,23.112
1140,Poland, POL,2014,87687,22.899
1141,Poland, POL,2013,85246,22.252
1142,Poland, POL,2012,85025,22.19
1143,Poland, POL,2011,84221,21.978
1144,Poland, POL,2010,83201,21.71
1145,Portugal, PRT,2016,34595,33.356
1146,Portugal, PRT,2014,46036,43.964
1147,Portugal, PRT,2013,44555,42.321999999999996
1148,Portugal, PRT,2012,43123,40.751999999999995
1149,Portugal, PRT,2011,42054,39.579
1150,Portugal, PRT,2010,40672,38.181
1151,Portugal, PRT,2009,40095,37.61
1152,Portugal, PRT,2008,38932,36.549
1153,Portugal, PRT,2007,37904,35.657
1154,Portugal, PRT,2006,36924,34.834
1155,Portugal, PRT,2005,36138,34.203
1156,Portugal, PRT,2004,35213,33.446
1157,Portugal, PRT,2003,34440,32.84
1158,Portugal, PRT,2002,33751,32.317
1159,Qatar, QAT,2017,2,0.008
1160,Qatar, QAT,2016,7152,27.831
1161,Qatar, QAT,2014,4267,17.971
1162,Qatar, QAT,2010,6919,38.876999999999995
1163,Qatar, QAT,2009,5126,32.223
1164,Qatar, QAT,2008,4610,33.181999999999995
1165,Qatar, QAT,2006,2313,22.892
1166,Qatar, QAT,2005,2150,24.858
1167,South Korea, KOR,2017,120630,23.660999999999998
1168,South Korea, KOR,2016,117450,23.124000000000002
1169,South Korea, KOR,2015,114322,22.596
1170,South Korea, KOR,2014,111694,22.168000000000003
1171,South Korea, KOR,2013,108909,21.708000000000002
1172,South Korea, KOR,2012,104114,20.843000000000004
1173,South Korea, KOR,2011,101370,20.378
1174,South Korea, KOR,2010,98293,19.836
1175,South Korea, KOR,2009,98434,19.934
1176,South Korea, KOR,2008,95088,19.319000000000003
1177,South Korea, KOR,2007,91475,18.645
1178,South Korea, KOR,2006,88214,18.041
1179,South Korea, KOR,2005,85369,17.527
1180,South Korea, KOR,2004,81998,16.907
1181,Moldova, MDA,2015,13012,32.001999999999995
1182,Moldova, MDA,2014,10333,25.389
1183,Moldova, MDA,2013,10432,25.619
1184,Moldova, MDA,2012,10060,24.695
1185,Moldova, MDA,2011,10060,24.673000000000002
1186,Moldova, MDA,2010,9962,24.39
1187,Romania, ROU,2016,44670,22.586
1188,Romania, ROU,2013,52828,26.324
1189,Romania, ROU,2012,52362,25.959
1190,Romania, ROU,2011,51153,25.206999999999997
1191,Romania, ROU,2010,50778,24.842
1192,Romania, ROU,2002,43093,19.718
1193,Russia, RUS,2016,577856,40.139
1194,Russia, RUS,2015,570260,39.632
1195,Russia, RUS,2014,597062,41.531000000000006
1196,Russia, RUS,2013,576580,40.153
1197,Russia, RUS,2012,577640,40.275999999999996
1198,Russia, RUS,2011,607812,42.426
1199,Russia, RUS,2010,343345,23.984
1200,Rwanda, RWA,2017,1643,1.3459999999999999
1201,Rwanda, RWA,2016,1668,1.4
1202,Rwanda, RWA,2015,1638,1.4080000000000001
1203,Rwanda, RWA,2014,1407,1.24
1204,Rwanda, RWA,2013,1104,0.998
1205,Saint Kitts and Nevis, KNA,2015,137,25.23
1206,Saint Kitts and Nevis, KNA,2001,49,10.652000000000001
1207,Saint Kitts and Nevis, KNA,1999,46,10.267999999999999
1208,Saint Kitts and Nevis, KNA,1998,46,10.384
1209,Saint Kitts and Nevis, KNA,1997,48,10.959000000000001
1210,Saint Kitts and Nevis, KNA,1996,48,11.06
1211,Saint Kitts and Nevis, KNA,1995,46,10.722999999999999
1212,Saint Kitts and Nevis, KNA,1994,39,9.198
1213,Saint Kitts and Nevis, KNA,1993,32,7.656000000000001
1214,Saint Kitts and Nevis, KNA,1992,31,7.4879999999999995
1215,Saint Kitts and Nevis, KNA,1991,28,6.829
1216,Saint Kitts and Nevis, KNA,1990,28,6.8629999999999995
1217,Saint Lucia, LCA,2009,18,1.053
1218,Saint Lucia, LCA,2008,27,1.5959999999999999
1219,Saint Lucia, LCA,2007,31,1.8530000000000002
1220,Saint Lucia, LCA,2005,83,5.07
1221,Saint Lucia, LCA,2004,68,4.192
1222,Saint Lucia, LCA,2003,75,4.658
1223,Saint Lucia, LCA,2002,70,4.38
1224,Saint Vincent and the Grenadines, VCT,2010,72,6.587000000000001
1225,Saint Vincent and the Grenadines, VCT,2004,101,9.3
1226,Saint Vincent and the Grenadines, VCT,2001,62,5.7410000000000005
1227,Saint Vincent and the Grenadines, VCT,2000,89,8.248
1228,Saint Vincent and the Grenadines, VCT,1997,101,9.352
1229,Samoa, WSM,2016,67,3.409
1230,Samoa, WSM,2013,92,4.822
1231,Samoa, WSM,2012,72,3.805
1232,Samoa, WSM,2010,64,3.437
1233,Samoa, WSM,2008,85,4.632
1234,Samoa, WSM,2005,50,2.779
1235,Samoa, WSM,2003,50,2.8139999999999996
1236,Samoa, WSM,1999,120,6.904
1237,San Marino, SMR,2014,201,61.468
1238,San Marino, SMR,2013,164,50.773999999999994
1239,San Marino, SMR,2012,164,51.411
1240,San Marino, SMR,2011,155,49.206
1241,Sao Tome and Principe, STP,2015,63,3.2
1242,Sao Tome and Principe, STP,2004,81,5.329
1243,Saudi Arabia, SAU,2016,77138,23.9
1244,Saudi Arabia, SAU,2014,79313,25.77
1245,Saudi Arabia, SAU,2012,71518,24.588
1246,Saudi Arabia, SAU,2011,69559,24.633000000000003
1247,Saudi Arabia, SAU,2010,66014,24.07
1248,Saudi Arabia, SAU,2009,55284,20.736
1249,Saudi Arabia, SAU,2008,53397,20.584
1250,Saudi Arabia, SAU,2001,14464,6.789
1251,Saudi Arabia, SAU,2000,14950,7.2
1252,Senegal, SEN,2016,1066,0.6920000000000001
1253,Senegal, SEN,2015,3023,2.0180000000000002
1254,Senegal, SEN,2013,4381,3.103
1255,Senegal, SEN,2008,741,0.607
1256,Senegal, SEN,2004,594,0.542
1257,Serbia, SRB,2016,27563,31.25
1258,Serbia, SRB,2014,21900,24.649
1259,Serbia, SRB,2013,22248,24.941
1260,Serbia, SRB,2012,22315,24.913
1261,Serbia, SRB,2011,22412,24.92
1262,Serbia, SRB,2010,22316,24.714000000000002
1263,Serbia, SRB,2009,20825,22.974
1264,Seychelles, SYC,2016,89,9.458
1265,Seychelles, SYC,2012,93,10.076
1266,Seychelles, SYC,2011,107,11.655999999999999
1267,Seychelles, SYC,2010,100,10.940999999999999
1268,Seychelles, SYC,2009,103,11.319
1269,Seychelles, SYC,2008,70,7.718
1270,Seychelles, SYC,2007,91,10.078
1271,Seychelles, SYC,2006,75,8.361
1272,Seychelles, SYC,2005,104,11.725
1273,Seychelles, SYC,2004,121,13.829
1274,Sierra Leone, SLE,2011,165,0.25
1275,Sierra Leone, SLE,2010,136,0.21100000000000002
1276,Sierra Leone, SLE,2008,95,0.154
1277,Sierra Leone, SLE,2004,168,0.309
1278,Singapore, SGP,2016,12967,23.063000000000002
1279,Singapore, SGP,2014,11120,20.41
1280,Singapore, SGP,2013,10339,19.285999999999998
1281,Singapore, SGP,2012,9646,18.3
1282,Singapore, SGP,2011,9070,17.523
1283,Singapore, SGP,2010,8819,17.38
1284,Singapore, SGP,2009,8323,16.762
1285,Singapore, SGP,2008,7841,16.163
1286,Singapore, SGP,2007,7384,15.603
1287,Singapore, SGP,2006,6931,15.029000000000002
1288,Singapore, SGP,2005,6748,15.026
1289,Singapore, SGP,2004,6492,14.856
1290,Singapore, SGP,2003,6380,15.014000000000001
1291,Singapore, SGP,2001,5747,14.3
1292,Singapore, SGP,1999,5325,13.945
1293,Slovakia, SVK,2016,13416,24.643
1294,Slovakia, SVK,2015,18719,34.414
1295,Slovakia, SVK,2013,18355,33.833
1296,Slovakia, SVK,2009,17798,32.955
1297,Slovenia, SVN,2016,6224,29.953000000000003
1298,Slovenia, SVN,2015,5830,28.099
1299,Slovenia, SVN,2014,5712,27.581999999999997
1300,Slovenia, SVN,2013,5416,26.214000000000002
1301,Slovenia, SVN,2012,5228,25.374000000000002
1302,Slovenia, SVN,2011,5121,24.939
1303,Slovenia, SVN,2010,4979,24.345
1304,Solomon Islands, SLB,2016,120,1.999
1305,Solomon Islands, SLB,2013,107,1.899
1306,Solomon Islands, SLB,2012,86,1.5590000000000002
1307,Solomon Islands, SLB,2011,109,2.02
1308,Solomon Islands, SLB,2008,89,1.764
1309,Solomon Islands, SLB,2005,89,1.8940000000000001
1310,Solomon Islands, SLB,2003,60,1.3430000000000002
1311,Solomon Islands, SLB,1999,54,1.345
1312,Somalia, SOM,2014,309,0.22899999999999998
1313,Somalia, SOM,2006,300,0.28
1314,South Africa, ZAF,2017,51616,9.101
1315,South Africa, ZAF,2016,44949,8.024
1316,South Africa, ZAF,2015,43277,7.827000000000001
1317,South Africa, ZAF,2014,41132,7.542000000000001
1318,South Africa, ZAF,2013,39847,7.4110000000000005
1319,South Africa, ZAF,2012,38444,7.254
1320,South Africa, ZAF,2011,37333,7.143
1321,South Africa, ZAF,2010,37599,7.289
1322,South Africa, ZAF,2004,34829,7.218999999999999
1323,Spain, ESP,2016,188595,40.691
1324,Spain, ESP,2015,178600,38.493
1325,Spain, ESP,2014,176665,37.975
1326,Spain, ESP,2013,177665,38.046
1327,Spain, ESP,2012,178833,38.165
1328,Spain, ESP,2011,179267,38.216
1329,Spain, ESP,2010,175033,37.409
1330,Spain, ESP,2009,219031,47.128
1331,Spain, ESP,2008,213977,46.519
1332,Spain, ESP,2007,208098,45.843
1333,Spain, ESP,2006,203091,45.408
1334,Spain, ESP,2005,199123,45.211000000000006
1335,Spain, ESP,2004,194668,44.903999999999996
1336,Spain, ESP,2003,190665,44.701
1337,Spain, ESP,2002,185908,44.278999999999996
1338,Spain, ESP,2001,180417,43.586999999999996
1339,Spain, ESP,2000,179033,43.769
1340,Spain, ESP,1999,174916,43.147
1341,Spain, ESP,1998,171494,42.562
1342,Spain, ESP,1997,168240,41.922
1343,Spain, ESP,1996,165560,41.38
1344,Spain, ESP,1995,162650,40.774
1345,Spain, ESP,1994,162089,40.762
1346,Spain, ESP,1993,159291,40.186
1347,Spain, ESP,1992,156100,39.503
1348,Spain, ESP,1991,153306,38.907
1349,Spain, ESP,1990,148717,37.836
1350,Spain, ESP,1989,143803,
1351,Spain, ESP,1988,138994,
1352,Spain, ESP,1987,135406,
1353,Spain, ESP,1986,131080,
1354,Spain, ESP,1985,127195,
1355,Spain, ESP,1984,121362,
1356,Spain, ESP,1983,115251,
1357,Spain, ESP,1982,104759,
1358,Spain, ESP,1981,96569,
1359,Spain, ESP,1980,86253,
1360,Spain, ESP,1979,81658,
1361,Spain, ESP,1978,75081,
1362,Spain, ESP,1977,69080,
1363,Spain, ESP,1976,64597,
1364,Spain, ESP,1975,54533,
1365,Spain, ESP,1974,54533,
1366,Spain, ESP,1973,51594,
1367,Spain, ESP,1972,49256,
1368,Spain, ESP,1971,47419,
1369,Spain, ESP,1970,45335,
1370,Spain, ESP,1969,44102,
1371,Spain, ESP,1968,42460,
1372,Spain, ESP,1967,41932,
1373,Spain, ESP,1966,40840,
1374,Spain, ESP,1965,39709,
1375,Spain, ESP,1964,39064,
1376,Spain, ESP,1963,37743,
1377,Spain, ESP,1962,37374,
1378,Spain, ESP,1961,36562,
1379,Spain, ESP,1960,35685,
1380,Spain, ESP,1959,35228,
1381,Spain, ESP,1958,34583,
1382,Spain, ESP,1957,33337,
1383,Spain, ESP,1956,32477,
1384,Spain, ESP,1955,32018,
1385,Spain, ESP,1954,31618,
1386,Spain, ESP,1953,29138,
1387,Spain, ESP,1952,28931,
1388,Sri Lanka, LKA,2017,20000,9.58
1389,Sri Lanka, LKA,2016,22000,10.578
1390,Sri Lanka, LKA,2015,20188,9.746
1391,Sri Lanka, LKA,2013,22310,10.869000000000002
1392,Sri Lanka, LKA,2010,14668,7.2620000000000005
1393,Sri Lanka, LKA,2009,13737,6.843
1394,Sri Lanka, LKA,2008,12479,6.256
1395,Sri Lanka, LKA,2007,11023,5.564
1396,Sri Lanka, LKA,2006,10279,5.226
1397,Sri Lanka, LKA,2005,10198,5.223
1398,Sri Lanka, LKA,2004,10479,5.409
1399,Sri Lanka, LKA,2001,8384,4.433
1400,Sri Lanka, LKA,2000,7963,4.24
1401,Sri Lanka, LKA,1999,6994,3.7460000000000004
1402,Sri Lanka, LKA,1998,6427,3.4610000000000003
1403,Sri Lanka, LKA,1997,5628,3.0460000000000003
1404,Sri Lanka, LKA,1996,5117,2.785
1405,Sri Lanka, LKA,1995,4047,2.218
1406,Sri Lanka, LKA,1994,3345,1.848
1407,Sri Lanka, LKA,1993,3713,2.0709999999999997
1408,Sri Lanka, LKA,1992,2934,1.6540000000000001
1409,Sri Lanka, LKA,1991,2440,1.391
1410,Sri Lanka, LKA,1988,2316,
1411,Sri Lanka, LKA,1986,2217,
1412,Sri Lanka, LKA,1980,2055,
1413,Sudan, SDN,2015,15845,4.1
1414,Sudan, SDN,2008,10813,3.281
1415,Sudan, SDN,2007,11337,3.512
1416,Sudan, SDN,2006,11083,3.5060000000000002
1417,Sudan, SDN,2004,7552,2.502
1418,Suriname, SUR,2018,697,12.265
1419,Suriname, SUR,2009,369,7.087999999999999
1420,Suriname, SUR,2004,400,8.104
1421,Suriname, SUR,2000,191,4.043
1422,Sweden, SWE,2016,53119,53.996
1423,Sweden, SWE,2015,41848,42.861000000000004
1424,Sweden, SWE,2014,40743,42.049
1425,Sweden, SWE,2013,39683,41.271
1426,Sweden, SWE,2012,38541,40.396
1427,Sweden, SWE,2011,37468,39.582
1428,Sweden, SWE,2010,36501,38.871
1429,Sweden, SWE,2007,29693,32.405
1430,Switzerland, CHE,2016,35592,42.363
1431,Switzerland, CHE,2015,34762,41.782
1432,Switzerland, CHE,2014,33785,41.053000000000004
1433,Switzerland, CHE,2013,32681,40.185
1434,Switzerland, CHE,2012,31313,38.986999999999995
1435,Switzerland, CHE,2011,30327,38.241
1436,Switzerland, CHE,2010,29803,38.053000000000004
1437,Syria, SYR,2016,22485,12.2
1438,Syria, SYR,2014,29025,15.115
1439,Syria, SYR,2010,31194,14.841
1440,Syria, SYR,2009,29927,14.370999999999999
1441,Syria, SYR,2008,30702,15.105
1442,Syria, SYR,2007,29582,15.068
1443,Syria, SYR,2005,28247,15.44
1444,Syria, SYR,2004,25890,14.54
1445,Syria, SYR,2003,24473,14.052999999999999
1446,Syria, SYR,2002,25073,14.673
1447,Syria, SYR,2000,22408,13.654000000000002
1448,Syria, SYR,1999,21393,13.357000000000001
1449,Syria, SYR,1998,20888,13.388
1450,Syria, SYR,1997,19678,12.965
1451,Tajikistan, TJK,2014,14219,17.003
1452,Tajikistan, TJK,2013,13778,16.848
1453,Tajikistan, TJK,2012,13599,17.009
1454,Tajikistan, TJK,2011,13247,16.949
1455,Tajikistan, TJK,2010,12778,16.722
1456,Tajikistan, TJK,2008,13909,19.028
1457,Tajikistan, TJK,2007,13392,18.724
1458,Tajikistan, TJK,2006,13268,18.953
1459,Tajikistan, TJK,2005,13272,19.363
1460,Tajikistan, TJK,2004,13000,19.366
1461,Tajikistan, TJK,2003,12688,19.292
1462,Tajikistan, TJK,2002,13117,20.344
1463,Tajikistan, TJK,2001,13421,21.212
1464,Tajikistan, TJK,2000,13500,21.717
1465,Tajikistan, TJK,1999,12965,21.201999999999998
1466,Tajikistan, TJK,1998,12551,20.843000000000004
1467,Tajikistan, TJK,1991,14160,26.219
1468,Thailand, THA,2017,55890,8.096
1469,Thailand, THA,2016,30691,4.457
1470,Thailand, THA,2015,31959,4.655
1471,Thailand, THA,2010,26244,3.905
1472,Thailand, THA,2009,22651,3.387
1473,Thailand, THA,2008,21051,3.1630000000000003
1474,Thailand, THA,2007,19584,2.9589999999999996
1475,Thailand, THA,2006,18918,2.8739999999999997
1476,Thailand, THA,2004,18918,2.91
1477,Thailand, THA,2002,18987,2.963
1478,Thailand, THA,2001,18947,2.9819999999999998
1479,Thailand, THA,1999,18140,2.911
1480,Thailand, THA,1998,17955,2.915
1481,Thailand, THA,1997,16569,2.722
1482,Thailand, THA,1995,14181,2.384
1483,Thailand, THA,1993,13634,2.336
1484,Thailand, THA,1991,12803,2.2359999999999998
1485,Thailand, THA,1989,12713,
1486,Thailand, THA,1987,9580,
1487,Thailand, THA,1985,8530,
1488,Thailand, THA,1983,7848,
1489,Thailand, THA,1981,6931,
1490,Thailand, THA,1979,6619,
1491,Thailand, THA,1977,5790,
1492,Thailand, THA,1975,5005,
1493,Thailand, THA,1973,4607,
1494,Thailand, THA,1971,4085,
1495,Macedonia, MKD,2015,5975,28.736
1496,Macedonia, MKD,2013,5804,27.962
1497,Macedonia, MKD,2012,5755,27.748
1498,Macedonia, MKD,2011,5649,27.258000000000003
1499,Macedonia, MKD,2010,5541,26.759
1500,Macedonia, MKD,2009,5364,25.924
1501,East Timor, TLS,2017,933,7.197
1502,East Timor, TLS,2015,831,6.696000000000001
1503,East Timor, TLS,2014,801,6.605
1504,East Timor, TLS,2013,367,3.0989999999999998
1505,Togo, TGO,2015,361,0.48700000000000004
1506,Togo, TGO,2010,1315,2.022
1507,Togo, TGO,2008,349,0.5660000000000001
1508,Togo, TGO,2007,290,0.484
1509,Togo, TGO,2004,244,0.441
1510,Tonga, TON,2013,55,5.223
1511,Tonga, TON,2010,58,5.572
1512,Tonga, TON,2009,62,5.985
1513,Tonga, TON,2008,57,5.534
1514,Tonga, TON,2002,30,3.0239999999999996
1515,Tonga, TON,2001,35,3.55
1516,Trinidad and Tobago, TTO,2015,3631,26.697
1517,Trinidad and Tobago, TTO,2011,2431,18.212
1518,Trinidad and Tobago, TTO,2010,2402,18.086
1519,Trinidad and Tobago, TTO,2009,1992,15.073
1520,Trinidad and Tobago, TTO,2007,1543,11.785
1521,Trinidad and Tobago, TTO,2006,1592,12.217
1522,Trinidad and Tobago, TTO,2003,1038,8.084
1523,Trinidad and Tobago, TTO,2002,1054,8.249
1524,Trinidad and Tobago, TTO,2001,1234,9.698
1525,Trinidad and Tobago, TTO,2000,1275,10.055
1526,Trinidad and Tobago, TTO,1999,1171,9.258
1527,Trinidad and Tobago, TTO,1998,1185,9.386000000000001
1528,Trinidad and Tobago, TTO,1997,949,7.528
1529,Trinidad and Tobago, TTO,1996,957,7.605
1530,Trinidad and Tobago, TTO,1995,1183,9.426
1531,Tunisia, TUN,2016,14507,12.722000000000001
1532,Tunisia, TUN,2015,14655,12.999
1533,Tunisia, TUN,2014,14127,12.677
1534,Tunisia, TUN,2010,12996,12.214
1535,Tunisia, TUN,2008,11533,11.082
1536,Tunisia, TUN,2007,10554,10.248
1537,Tunisia, TUN,2005,9422,9.326
1538,Tunisia, TUN,2004,13330,13.307
1539,Tunisia, TUN,2003,8189,8.238999999999999
1540,Tunisia, TUN,2002,7964,8.074
1541,Tunisia, TUN,2001,7767,7.937
1542,Tunisia, TUN,2000,7444,7.675
1543,Tunisia, TUN,1999,7149,7.444
1544,Tunisia, TUN,1998,6819,7.178
1545,Tunisia, TUN,1997,6464,6.888
1546,Tunisia, TUN,1996,6177,6.6739999999999995
1547,Tunisia, TUN,1995,5965,6.545
1548,Tunisia, TUN,1994,5344,5.9670000000000005
1549,Tunisia, TUN,1993,5257,5.984
1550,Tunisia, TUN,1992,5099,5.9270000000000005
1551,Tunisia, TUN,1991,4500,5.346
1552,Tunisia, TUN,1990,4424,5.374
1553,Turkey, TUR,2014,135616,17.605
1554,Turkey, TUR,2013,133775,17.651
1555,Turkey, TUR,2012,129772,17.403
1556,Turkey, TUR,2011,126029,17.168
1557,Turkey, TUR,2010,123447,17.067999999999998
1558,Turkey, TUR,2009,118641,16.631
1559,Turkey, TUR,2008,113151,16.063
1560,Turkey, TUR,2007,108402,15.575999999999999
1561,Turkey, TUR,2006,104475,15.193
1562,Turkey, TUR,2005,100853,14.852
1563,Turkey, TUR,2004,97110,14.492
1564,Turkey, TUR,2003,94466,14.294
1565,Turkey, TUR,2002,91949,14.115
1566,Turkey, TUR,2001,89804,13.99
1567,Turkey, TUR,2000,85242,13.479000000000001
1568,Turkey, TUR,1999,81988,13.163
1569,Turkey, TUR,1998,77344,12.610999999999999
1570,Turkey, TUR,1997,73659,12.200999999999999
1571,Turkey, TUR,1996,70947,11.939
1572,Turkey, TUR,1995,69349,11.857000000000001
1573,Turkey, TUR,1994,65832,11.436
1574,Turkey, TUR,1993,61050,10.776
1575,Turkey, TUR,1992,56985,10.222000000000001
1576,Turkey, TUR,1991,53264,9.713
1577,Turkey, TUR,1990,50639,9.391
1578,Turkey, TUR,1989,46708,
1579,Turkey, TUR,1988,42502,
1580,Turkey, TUR,1987,38829,
1581,Turkey, TUR,1986,37142,
1582,Turkey, TUR,1985,36427,
1583,Turkey, TUR,1984,34195,
1584,Turkey, TUR,1983,32263,
1585,Turkey, TUR,1982,30956,
1586,Turkey, TUR,1981,28411,
1587,Turkey, TUR,1980,27241,
1588,Turkey, TUR,1979,26298,
1589,Turkey, TUR,1978,25230,
1590,Turkey, TUR,1977,23920,
1591,Turkey, TUR,1976,23388,
1592,Turkey, TUR,1975,21714,
1593,Turkey, TUR,1974,20868,
1594,Turkey, TUR,1973,18511,
1595,Turkey, TUR,1972,16290,
1596,Turkey, TUR,1971,16514,
1597,Turkey, TUR,1970,15856,
1598,Turkmenistan, TKM,2014,12161,22.248
1599,Turkmenistan, TKM,2013,11873,22.125
1600,Turkmenistan, TKM,2012,11787,22.375999999999998
1601,Turkmenistan, TKM,2011,11818,22.840999999999998
1602,Turkmenistan, TKM,2010,11570,22.743000000000002
1603,Turkmenistan, TKM,2002,20032,43.453
1604,Tuvalu, TUV,2014,10,9.174
1605,Tuvalu, TUV,2009,12,11.538
1606,Tuvalu, TUV,2008,10,9.709
1607,Tuvalu, TUV,2003,10,10.204
1608,Tuvalu, TUV,2002,6,6.25
1609,Uganda, UGA,2015,3645,0.9079999999999999
1610,Uganda, UGA,2012,3370,0.9279999999999999
1611,Uganda, UGA,2005,3361,1.177
1612,Uganda, UGA,2004,2209,0.8009999999999999
1613,Ukraine, UKR,2014,134986,30.075
1614,Ukraine, UKR,2013,158344,35.097
1615,Ukraine, UKR,2012,158681,34.991
1616,Ukraine, UKR,2011,158949,34.875
1617,Ukraine, UKR,2010,159495,34.83
1618,United Arab Emirates, ARE,2016,22195,23.944000000000003
1619,United Arab Emirates, ARE,2015,20481,22.373
1620,United Arab Emirates, ARE,2014,18385,20.268
1621,United Arab Emirates, ARE,2013,16016,17.783
1622,United Arab Emirates, ARE,2012,13499,15.167
1623,United Arab Emirates, ARE,2011,12856,14.824000000000002
1624,United Arab Emirates, ARE,2010,12137,14.675
1625,United Arab Emirates, ARE,2009,12016,15.674000000000001
1626,United Arab Emirates, ARE,2008,11630,16.869
1627,United Arab Emirates, ARE,2007,8669,14.343
1628,United Arab Emirates, ARE,2006,7048,13.445
1629,United Arab Emirates, ARE,2005,6971,15.222000000000001
1630,United Arab Emirates, ARE,2004,7802,19.086
1631,United Arab Emirates, ARE,2003,7707,20.596
1632,United Arab Emirates, ARE,2002,6967,19.865
1633,United Arab Emirates, ARE,2001,6549,19.69
1634,United Arab Emirates, ARE,2000,5646,17.896
1635,United Kingdom, GBR,2017,185692,28.058000000000003
1636,United Kingdom, GBR,2016,183938,27.959
1637,United Kingdom, GBR,2015,181673,27.78
1638,United Kingdom, GBR,2014,180543,27.769000000000002
1639,United Kingdom, GBR,2013,177663,27.485
1640,United Kingdom, GBR,2012,175269,27.279
1641,United Kingdom, GBR,2011,173415,27.176
1642,United Kingdom, GBR,2010,169179,26.724
1643,United Kingdom, GBR,1997,133641,22.905
1644,Tanzania, TZA,2014,2086,0.39899999999999997
1645,Tanzania, TZA,2012,1481,0.302
1646,Tanzania, TZA,2002,822,0.228
1647,United States, USA,2016,835987,25.948
1648,United States, USA,2015,827261,25.858
1649,United States, USA,2014,820251,25.816999999999997
1650,United States, USA,2013,809845,25.666
1651,United States, USA,2012,784633,25.041
1652,United States, USA,2011,767782,24.683000000000003
1653,United States, USA,2010,752572,24.383000000000003
1654,United States, USA,2005,867712,29.401
1655,United States, USA,2004,793648,27.13
1656,United States, USA,2000,730801,25.916999999999998
1657,United States, USA,1995,646610,24.34
1658,United States, USA,1985,525070,
1659,Uruguay, URY,2017,17456,50.498999999999995
1660,Uruguay, URY,2016,13545,39.329
1661,Uruguay, URY,2008,13197,39.385
1662,Uruguay, URY,2002,12384,37.214
1663,Uzbekistan, UZB,2014,72237,23.685
1664,Uzbekistan, UZB,2013,71971,23.975
1665,Uzbekistan, UZB,2012,72007,24.375
1666,Uzbekistan, UZB,2011,72547,24.958000000000002
1667,Uzbekistan, UZB,2010,72522,25.351999999999997
1668,Vanuatu, VUT,2016,46,1.706
1669,Vanuatu, VUT,2012,46,1.859
1670,Vanuatu, VUT,2008,26,1.1540000000000001
1671,Vanuatu, VUT,2007,26,1.182
1672,Vanuatu, VUT,2004,30,1.47
1673,Vanuatu, VUT,1997,20,1.143
1674,Venezuela, VEN,2001,48000,19.24
1675,Yemen, YEM,2014,8148,3.1039999999999996
1676,Yemen, YEM,2009,7127,3.102
1677,Yemen, YEM,2008,6909,3.09
1678,Yemen, YEM,2004,6739,3.367
1679,Yemen, YEM,1997,3814,2.324
1680,Zambia, ZMB,2016,1514,0.9129999999999999
1681,Zambia, ZMB,2012,2399,1.632
1682,Zambia, ZMB,2011,2312,1.621
1683,Zambia, ZMB,2010,836,0.604
1684,Zambia, ZMB,2009,801,0.595
1685,Zambia, ZMB,2008,795,0.608
1686,Zambia, ZMB,2006,649,0.524
1687,Zambia, ZMB,2005,646,0.536
1688,Zambia, ZMB,2004,1499,1.278
1689,Zimbabwe, ZWE,2014,1176,0.763
1690,Zimbabwe, ZWE,2013,1114,0.74
1691,Zimbabwe, ZWE,2012,1059,0.72
1692,Zimbabwe, ZWE,2011,1054,0.733
1693,Zimbabwe, ZWE,2010,916,0.65
1694,Zimbabwe, ZWE,2009,827,0.599
1695,Zimbabwe, ZWE,2008,738,0.544
1696,Zimbabwe, ZWE,2007,667,0.5
1697,Zimbabwe, ZWE,2004,2086,1.633
1698,Zimbabwe, ZWE,1995,1630,1.44
1699,Zimbabwe, ZWE,1990,1320,1.296
1700,Zimbabwe, ZWE,1985,1058,
