,Country Name,Country Code,Indicator Name,Indicator Code,1960.0,1961.0,1962.0,1963.0,1964.0,1965.0,1966.0,1967.0,1968.0,1969.0,1970.0,1971.0,1972.0,1973.0,1974.0,1975.0,1976.0,1977.0,1978.0,1979.0,1980.0,1981.0,1982.0,1983.0,1984.0,1985.0,1986.0,1987.0,1988.0,1989.0,1990.0,1991.0,1992.0,1993.0,1994.0,1995.0,1996.0,1997.0,1998.0,1999.0,2000.0,2001.0,2002.0,2003.0,2004.0,2005.0,2006.0,2007.0,2008.0,2009.0,2010.0,2011.0,2012.0,2013.0,2014.0,2015.0,2016.0,2017.0,2018.0
4,Afghanistan,AFG,"Mortality rate, infant (per 1,000 live births)",SP.DYN.IMRT.IN,240.5,236.2,232.2,228.3,224.6,220.6,216.8,212.8,209.1,205.3,201.3,197.5,193.8,189.7,185.7,181.7,177.6,173.6,169.4,165.1,160.9,156.4,152.2,147.8,143.7,139.5,135.2,131.1,126.9,122.7,118.8,115.1,111.4,108.1,105.0,102.2,99.5,97.0,94.7,92.4,90.2,88.0,85.7,83.4,80.9,78.4,75.8,73.2,70.6,68.1,65.6,63.2,60.9,58.7,56.7,54.9,53.2,51.5,0.0
5,Angola,AGO,"Mortality rate, infant (per 1,000 live births)",SP.DYN.IMRT.IN,0.0,0.0,0.0,0.0,0.0,0.0,0.0,0.0,0.0,0.0,0.0,0.0,0.0,0.0,0.0,0.0,0.0,0.0,0.0,0.0,139.2,137.7,136.4,135.1,134.1,133.2,132.8,132.4,132.2,132.0,132.0,132.1,132.2,132.2,132.0,131.6,130.8,129.5,127.7,125.3,122.6,119.3,115.5,111.3,106.6,101.8,96.7,91.5,86.4,81.3,76.4,71.9,67.8,64.1,60.9,58.2,55.8,53.8,0.0
6,Albania,ALB,"Mortality rate, infant (per 1,000 live births)",SP.DYN.IMRT.IN,0.0,0.0,0.0,0.0,0.0,0.0,0.0,0.0,0.0,0.0,0.0,0.0,0.0,0.0,0.0,0.0,0.0,0.0,75.7,70.2,65.0,60.3,56.1,52.3,48.9,45.7,42.9,40.5,38.3,36.4,34.8,33.4,32.1,30.9,29.7,28.5,27.2,25.9,24.5,23.2,21.8,20.4,19.1,17.8,16.6,15.4,14.3,13.3,12.3,11.5,10.7,10.1,9.5,9.0,8.6,8.3,8.1,7.8,0.0
7,Andorra,AND,"Mortality rate, infant (per 1,000 live births)",SP.DYN.IMRT.IN,0.0,0.0,0.0,0.0,0.0,0.0,0.0,0.0,0.0,0.0,0.0,0.0,0.0,0.0,0.0,0.0,0.0,0.0,0.0,0.0,0.0,0.0,0.0,0.0,0.0,9.8,9.3,8.8,8.4,8.0,7.5,7.2,6.8,6.4,6.1,5.8,5.6,5.3,5.1,4.9,4.7,4.6,4.5,4.3,4.2,4.1,4.1,4.0,3.9,3.9,3.8,3.7,3.7,3.6,3.5,3.4,3.3,3.2,0.0
8,United Arab Emirates,ARE,"Mortality rate, infant (per 1,000 live births)",SP.DYN.IMRT.IN,134.4,128.4,122.2,116.1,109.9,103.5,96.8,90.1,83.6,77.1,71.0,65.2,59.7,54.8,50.3,46.1,42.2,38.5,35.1,32.0,29.2,26.6,24.4,22.5,20.9,19.4,18.2,17.0,16.0,15.1,14.3,13.6,12.9,12.3,11.8,11.4,11.0,10.6,10.2,9.9,9.7,9.4,9.1,8.9,8.6,8.3,8.1,7.8,7.6,7.4,7.2,7.1,7.0,7.1,7.2,7.5,7.7,7.8,0.0
9,Argentina,ARG,"Mortality rate, infant (per 1,000 live births)",SP.DYN.IMRT.IN,0.0,0.0,0.0,0.0,0.0,0.0,0.0,0.0,0.0,60.0,59.4,58.8,57.9,56.8,55.2,53.2,50.6,47.4,44.0,40.6,37.5,34.7,32.4,30.4,28.7,27.4,26.4,25.9,25.7,25.6,25.4,25.1,24.4,23.5,22.6,21.7,20.8,19.9,19.1,18.4,17.7,17.0,16.3,15.7,15.2,14.7,14.3,14.0,13.7,13.4,13.0,12.5,11.9,11.3,10.7,10.2,9.7,9.2,0.0
10,Armenia,ARM,"Mortality rate, infant (per 1,000 live births)",SP.DYN.IMRT.IN,0.0,0.0,0.0,0.0,0.0,0.0,0.0,0.0,0.0,0.0,0.0,0.0,0.0,0.0,0.0,0.0,70.8,68.2,65.8,63.5,61.3,59.1,57.1,55.1,53.2,51.3,49.5,47.8,49.9,44.2,42.3,40.5,38.7,36.9,35.2,33.5,32.0,30.5,29.1,27.8,26.5,25.2,24.0,22.9,21.8,20.7,19.7,18.7,17.8,16.9,16.1,15.3,14.5,13.8,13.1,12.5,11.9,11.3,0.0
11,Antigua and Barbuda,ATG,"Mortality rate, infant (per 1,000 live births)",SP.DYN.IMRT.IN,0.0,0.0,0.0,0.0,0.0,0.0,0.0,0.0,0.0,0.0,0.0,0.0,0.0,0.0,0.0,0.0,0.0,0.0,0.0,0.0,0.0,0.0,0.0,0.0,0.0,33.3,31.2,29.4,27.5,25.8,24.2,22.6,21.2,19.9,18.7,17.6,16.5,15.5,14.6,13.8,13.0,12.3,11.7,11.1,10.6,10.1,9.6,9.2,8.7,8.3,7.8,7.4,7.0,6.6,6.2,5.9,5.6,5.4,0.0
12,Australia,AUS,"Mortality rate, infant (per 1,000 live births)",SP.DYN.IMRT.IN,20.3,19.9,19.5,19.1,18.7,18.5,18.3,18.2,18.1,18.0,17.8,17.4,16.8,16.1,15.3,14.4,13.5,12.6,11.9,11.3,10.8,10.4,10.1,9.8,9.6,9.3,9.1,8.8,8.4,8.0,7.6,7.1,6.7,6.3,6.0,5.8,5.6,5.4,5.3,5.2,5.1,5.0,5.0,4.9,4.8,4.8,4.6,4.5,4.4,4.2,4.0,3.8,3.6,3.5,3.3,3.2,3.1,3.0,0.0
13,Austria,AUT,"Mortality rate, infant (per 1,000 live births)",SP.DYN.IMRT.IN,37.2,35.0,32.9,31.2,29.6,28.4,27.3,26.4,25.7,25.3,25.1,24.7,24.1,23.0,21.5,19.8,18.1,16.6,15.5,14.6,13.9,13.2,12.6,11.9,11.3,10.7,10.1,9.4,8.9,8.4,8.0,7.6,7.2,6.7,6.2,5.7,5.3,5.0,4.8,4.7,4.6,4.5,4.4,4.3,4.2,4.1,3.9,3.8,3.8,3.7,3.6,3.5,3.3,3.2,3.1,3.0,3.0,2.9,0.0
14,Azerbaijan,AZE,"Mortality rate, infant (per 1,000 live births)",SP.DYN.IMRT.IN,0.0,0.0,0.0,0.0,0.0,0.0,0.0,0.0,0.0,0.0,0.0,0.0,0.0,0.0,0.0,0.0,0.0,0.0,0.0,0.0,0.0,0.0,85.3,83.6,82.1,80.4,79.0,77.8,76.8,76.2,75.9,76.1,76.3,76.5,76.2,75.2,73.7,71.4,68.3,64.9,61.1,57.3,53.6,50.2,47.1,44.2,41.6,39.2,36.8,34.7,32.6,30.6,28.6,26.8,25.1,23.4,21.9,20.5,0.0
15,Burundi,BDI,"Mortality rate, infant (per 1,000 live births)",SP.DYN.IMRT.IN,0.0,0.0,0.0,0.0,141.6,142.8,143.8,144.9,145.7,146.3,146.6,146.8,147.1,147.4,147.9,148.2,147.7,146.1,143.0,138.7,133.1,127.3,121.2,115.3,110.1,106.3,104.0,103.0,103.2,104.1,105.4,106.6,107.6,108.0,107.8,107.0,105.7,103.8,101.4,98.8,95.9,92.8,89.6,86.3,82.6,78.7,74.6,70.5,66.4,62.6,59.2,56.1,53.1,50.5,48.0,45.9,44.1,42.5,0.0
16,Belgium,BEL,"Mortality rate, infant (per 1,000 live births)",SP.DYN.IMRT.IN,29.5,28.1,27.0,26.0,25.0,24.1,23.3,22.5,21.9,21.3,20.5,19.7,18.7,17.7,16.7,15.8,14.9,14.2,13.5,12.8,12.2,11.7,11.2,10.7,10.2,9.9,9.5,9.2,8.9,8.6,8.3,8.0,7.7,7.2,6.8,6.3,5.9,5.5,5.3,5.0,4.9,4.7,4.5,4.3,4.3,4.1,4.0,3.9,3.8,3.7,3.7,3.6,3.5,3.4,3.3,3.2,3.1,3.1,0.0
17,Benin,BEN,"Mortality rate, infant (per 1,000 live births)",SP.DYN.IMRT.IN,191.4,188.1,184.3,180.1,175.6,171.2,167.2,163.8,161.3,159.1,157.1,155.2,152.8,149.9,146.5,142.7,138.6,134.8,131.4,128.7,126.5,124.7,123.0,121.3,119.5,117.7,115.8,113.8,111.7,109.5,107.1,104.6,102.1,99.7,97.5,95.8,94.4,93.2,91.9,90.4,88.6,86.5,84.3,82.0,79.9,77.9,76.3,74.9,73.9,72.9,72.1,71.3,70.4,69.3,68.0,66.6,65.1,63.5,0.0
18,Burkina Faso,BFA,"Mortality rate, infant (per 1,000 live births)",SP.DYN.IMRT.IN,155.3,153.7,152.2,150.8,149.5,148.4,147.4,146.6,145.8,145.1,144.3,143.2,141.7,139.3,136.1,132.1,128.0,123.8,120.1,116.9,114.4,112.2,110.4,108.7,106.9,105.2,103.5,101.8,100.5,99.6,99.1,98.9,98.9,98.8,98.5,97.8,96.8,95.6,94.3,92.9,91.5,90.0,88.3,86.3,83.9,81.2,78.2,75.0,71.9,68.9,66.0,63.2,60.6,58.2,56.1,54.3,52.6,51.2,0.0
19,Bangladesh,BGD,"Mortality rate, infant (per 1,000 live births)",SP.DYN.IMRT.IN,172.9,168.6,164.7,161.1,157.9,155.2,152.9,151.2,149.8,148.9,148.3,147.9,147.4,146.7,145.8,144.5,142.9,141.0,138.7,136.1,133.4,130.5,127.5,124.4,121.0,117.7,114.2,110.7,107.1,103.4,99.7,95.9,92.1,88.3,84.5,80.9,77.3,73.8,70.4,67.1,64.0,61.0,58.2,55.5,53.0,50.4,48.0,45.6,43.3,41.1,38.9,36.9,35.0,33.2,31.5,29.8,28.3,26.9,0.0
20,Bulgaria,BGR,"Mortality rate, infant (per 1,000 live births)",SP.DYN.IMRT.IN,0.0,0.0,0.0,32.6,32.1,31.8,31.4,30.9,30.1,29.0,27.6,26.5,25.7,25.2,24.7,24.1,23.4,22.6,21.7,20.7,19.7,18.8,18.1,17.3,16.5,15.7,15.0,14.5,14.2,14.3,14.6,15.0,15.2,15.4,15.5,15.6,15.6,15.6,15.3,14.9,14.4,13.8,13.1,12.5,11.7,11.0,10.4,9.9,9.6,9.3,9.0,8.7,8.3,7.8,7.4,7.0,6.7,6.3,0.0
21,Bahrain,BHR,"Mortality rate, infant (per 1,000 live births)",SP.DYN.IMRT.IN,134.4,123.7,113.8,104.8,96.2,88.2,80.7,73.8,67.4,61.6,56.3,51.6,47.3,43.4,40.0,36.9,34.3,32.0,30.0,28.2,26.5,25.1,23.9,22.8,21.9,21.1,20.5,20.1,19.9,19.7,19.6,19.3,18.8,17.9,16.8,15.5,14.3,13.1,12.1,11.3,10.7,10.3,10.0,9.7,9.4,9.1,8.8,8.4,8.0,7.6,7.3,7.0,6.8,6.7,6.6,6.5,6.4,6.3,0.0
22,"Bahamas, The",BHS,"Mortality rate, infant (per 1,000 live births)",SP.DYN.IMRT.IN,0.0,0.0,0.0,0.0,0.0,0.0,0.0,0.0,25.1,25.7,26.1,26.6,27.0,27.3,27.5,27.3,27.1,26.7,26.2,25.8,25.2,24.8,24.3,24.0,23.8,23.3,22.9,22.2,21.4,20.5,19.6,18.7,17.9,17.1,16.3,15.5,14.8,14.2,13.7,13.3,13.1,13.0,12.9,12.8,12.6,12.4,11.9,11.4,10.8,10.1,9.4,8.7,8.1,7.5,6.9,6.4,6.1,5.8,0.0
23,Bosnia and Herzegovina,BIH,"Mortality rate, infant (per 1,000 live births)",SP.DYN.IMRT.IN,0.0,0.0,0.0,0.0,0.0,0.0,0.0,0.0,0.0,0.0,0.0,0.0,0.0,0.0,0.0,0.0,0.0,0.0,0.0,0.0,0.0,0.0,0.0,0.0,26.2,24.1,22.1,20.4,18.9,17.5,16.1,14.9,14.4,13.5,12.3,11.6,10.7,10.1,9.6,9.0,8.7,8.3,8.1,8.0,7.9,7.8,7.5,7.2,6.9,6.5,6.2,5.9,5.7,5.5,5.4,5.2,5.1,4.9,0.0
24,Belarus,BLR,"Mortality rate, infant (per 1,000 live births)",SP.DYN.IMRT.IN,0.0,0.0,0.0,0.0,0.0,0.0,0.0,0.0,0.0,0.0,0.0,0.0,0.0,0.0,0.0,0.0,0.0,0.0,0.0,0.0,17.2,16.5,15.8,15.2,14.7,14.2,13.7,13.2,12.7,12.4,12.2,12.1,12.2,12.3,12.4,12.4,12.2,11.9,11.4,10.7,9.9,9.2,8.4,7.7,7.1,6.5,6.0,5.5,5.0,4.6,4.2,3.9,3.6,3.4,3.2,3.1,2.9,2.8,0.0
25,Belize,BLZ,"Mortality rate, infant (per 1,000 live births)",SP.DYN.IMRT.IN,0.0,0.0,0.0,0.0,0.0,0.0,0.0,78.3,75.3,72.4,69.6,67.2,64.8,62.5,60.4,58.4,56.5,54.6,52.9,51.2,49.5,47.8,46.2,44.4,42.6,40.8,38.9,37.0,35.0,33.1,31.3,29.6,28.1,26.7,25.4,24.3,23.3,22.4,21.6,20.8,20.1,19.5,18.9,18.5,18.2,17.9,17.6,17.3,17.0,16.7,16.3,15.8,15.3,14.7,14.1,13.4,12.8,12.2,0.0
26,Bolivia,BOL,"Mortality rate, infant (per 1,000 live births)",SP.DYN.IMRT.IN,174.4,171.3,168.2,165.1,162.0,159.0,155.9,152.8,149.7,146.5,143.3,140.0,136.7,133.4,130.1,126.7,123.4,120.1,117.1,114.2,111.5,109.0,106.5,104.1,101.6,99.0,96.4,93.6,90.8,88.0,85.3,82.5,79.9,77.2,74.6,71.9,69.2,66.5,63.8,61.1,58.4,55.8,53.2,50.7,48.3,46.0,43.8,41.6,39.6,37.8,36.1,34.7,33.4,32.2,31.1,30.0,29.0,28.0,0.0
27,Brazil,BRA,"Mortality rate, infant (per 1,000 live births)",SP.DYN.IMRT.IN,127.6,124.3,121.1,118.1,115.4,112.9,110.7,108.5,106.4,104.2,102.0,99.6,97.2,94.8,92.5,90.0,87.6,85.1,82.5,79.7,76.7,73.7,70.8,67.9,65.3,62.9,60.7,58.7,56.6,54.6,52.6,50.4,48.2,45.8,43.4,41.0,38.6,36.4,34.3,32.3,30.4,28.6,26.8,25.2,23.6,22.1,20.8,19.5,18.5,17.5,16.7,16.0,15.4,14.9,14.5,14.0,14.6,13.2,0.0
28,Barbados,BRB,"Mortality rate, infant (per 1,000 live births)",SP.DYN.IMRT.IN,69.6,65.0,61.1,57.6,54.5,51.7,49.2,47.0,45.0,43.0,41.2,39.2,37.3,35.4,33.6,31.7,30.0,28.3,26.7,25.2,23.9,22.7,21.7,20.9,20.1,19.4,18.8,18.1,17.4,16.7,16.0,15.3,14.7,14.1,13.7,13.4,13.3,13.3,13.4,13.5,13.8,14.0,14.2,14.4,14.4,14.4,14.2,14.0,13.8,13.6,13.4,13.1,12.9,12.7,12.4,12.1,11.9,11.5,0.0
29,Brunei Darussalam,BRN,"Mortality rate, infant (per 1,000 live births)",SP.DYN.IMRT.IN,0.0,0.0,0.0,0.0,0.0,0.0,0.0,0.0,0.0,0.0,0.0,0.0,0.0,0.0,0.0,0.0,0.0,0.0,0.0,0.0,0.0,0.0,11.9,11.6,11.3,11.0,10.7,10.6,10.4,10.4,10.3,10.3,10.4,10.3,10.2,10.1,9.9,9.8,9.6,9.5,9.6,9.6,9.6,9.6,9.5,9.5,9.4,9.2,9.1,9.0,8.9,8.9,8.9,8.9,9.0,9.0,9.0,9.0,0.0
30,Bhutan,BTN,"Mortality rate, infant (per 1,000 live births)",SP.DYN.IMRT.IN,0.0,0.0,0.0,0.0,0.0,0.0,0.0,0.0,0.0,185.5,179.9,174.6,169.4,164.3,159.2,154.2,149.3,144.7,140.1,135.5,130.8,126.3,121.7,117.4,113.3,109.2,105.1,101.0,97.1,93.3,89.6,86.1,82.6,79.2,76.0,72.7,69.5,66.5,63.4,60.6,57.8,55.1,52.5,49.9,47.4,44.9,42.5,40.3,38.1,36.1,34.2,32.5,31.1,29.8,28.6,27.6,26.5,25.6,0.0
31,Botswana,BWA,"Mortality rate, infant (per 1,000 live births)",SP.DYN.IMRT.IN,115.3,112.1,108.9,105.7,102.7,99.7,96.8,93.9,91.0,88.0,85.0,81.8,78.7,75.4,72.1,68.8,65.6,62.5,59.4,56.6,53.9,51.3,49.0,46.8,44.8,42.9,41.3,40.1,39.3,39.1,39.5,40.4,41.7,43.1,44.6,46.0,47.5,48.7,49.7,50.3,50.0,49.3,48.4,47.4,46.1,42.5,41.1,41.8,41.5,40.3,38.5,38.9,36.8,34.8,34.4,33.1,32.3,30.8,0.0
32,Central African Republic,CAF,"Mortality rate, infant (per 1,000 live births)",SP.DYN.IMRT.IN,165.0,162.5,160.0,157.3,154.5,151.6,148.6,145.5,142.5,139.6,136.9,134.4,132.0,129.8,127.7,125.9,124.1,122.5,121.0,119.7,118.5,117.5,116.7,116.2,115.8,115.4,115.1,114.9,114.9,114.9,114.9,114.8,114.8,114.8,114.9,114.9,114.8,114.6,114.1,113.6,113.0,112.2,111.4,110.6,109.7,108.8,107.6,106.6,105.3,103.6,101.9,99.9,98.0,96.3,93.9,91.6,89.2,87.6,0.0
33,Canada,CAN,"Mortality rate, infant (per 1,000 live births)",SP.DYN.IMRT.IN,27.8,26.9,26.0,25.0,24.0,23.1,22.1,21.2,20.3,19.4,18.5,17.6,16.7,15.9,15.0,14.2,13.3,12.5,11.7,11.0,10.3,9.7,9.2,8.7,8.3,8.0,7.7,7.5,7.3,7.0,6.8,6.6,6.4,6.2,6.0,5.8,5.6,5.5,5.4,5.3,5.3,5.2,5.2,5.2,5.2,5.2,5.2,5.1,5.0,5.0,4.9,4.8,4.8,4.8,4.7,4.7,4.6,4.5,0.0
34,Switzerland,CHE,"Mortality rate, infant (per 1,000 live births)",SP.DYN.IMRT.IN,21.7,21.2,20.8,20.1,19.3,18.4,17.6,16.9,16.3,15.6,15.0,14.3,13.6,12.8,12.0,11.2,10.4,9.8,9.2,8.8,8.4,8.0,7.8,7.6,7.4,7.3,7.2,7.1,7.0,6.8,6.6,6.4,6.1,5.8,5.5,5.2,5.0,4.9,4.8,4.7,4.7,4.6,4.6,4.5,4.4,4.3,4.2,4.1,4.0,4.0,3.9,3.9,3.9,3.8,3.8,3.8,3.8,3.7,0.0
35,Chile,CHL,"Mortality rate, infant (per 1,000 live births)",SP.DYN.IMRT.IN,131.3,124.1,118.7,113.4,106.3,96.8,87.1,78.9,72.6,68.6,66.5,65.4,64.5,63.0,59.6,54.1,47.7,41.1,35.3,31.0,27.9,25.3,22.8,20.7,19.4,18.9,18.7,18.5,18.0,17.2,16.1,15.1,13.9,12.8,11.9,11.1,10.6,10.3,10.1,9.8,9.2,8.7,8.3,8.1,7.9,7.8,7.7,7.7,7.7,7.7,7.5,7.2,7.2,7.1,6.9,6.7,6.6,6.3,0.0
36,China,CHN,"Mortality rate, infant (per 1,000 live births)",SP.DYN.IMRT.IN,0.0,0.0,0.0,0.0,0.0,0.0,0.0,0.0,0.0,82.9,79.3,75.7,72.3,68.8,65.4,62.0,58.6,55.4,52.6,50.1,47.9,46.0,44.5,43.4,42.6,42.2,42.1,42.1,42.2,42.2,42.1,41.7,41.1,40.1,39.0,37.7,36.4,34.9,33.4,31.8,30.1,28.2,26.2,24.1,22.2,20.3,18.6,17.1,15.8,14.6,13.6,12.6,11.6,10.8,10.0,9.2,8.6,8.0,0.0
37,Cote d'Ivoire,CIV,"Mortality rate, infant (per 1,000 live births)",SP.DYN.IMRT.IN,212.8,207.1,201.4,196.1,190.9,186.0,181.1,176.3,171.6,167.0,162.3,157.4,152.1,146.6,141.0,135.2,129.6,124.3,119.9,116.2,113.2,110.8,108.8,107.4,106.2,105.3,104.7,104.3,104.1,104.1,104.1,104.2,104.3,104.4,104.4,104.3,103.8,103.0,101.9,100.4,98.7,96.7,94.7,92.6,90.3,87.9,85.8,83.4,80.8,78.7,76.8,75.1,73.1,71.2,69.5,67.8,66.0,64.2,0.0
38,Cameroon,CMR,"Mortality rate, infant (per 1,000 live births)",SP.DYN.IMRT.IN,164.6,160.9,157.9,155.5,152.8,149.4,145.4,140.8,135.4,130.2,125.3,121.1,117.9,115.8,114.5,113.9,113.7,113.2,112.4,110.9,108.8,106.2,103.1,99.7,96.2,92.9,90.0,87.8,86.3,85.8,86.0,86.9,88.2,89.6,91.1,92.3,93.2,93.7,93.6,92.9,91.6,89.8,87.7,85.5,83.3,81.2,79.0,76.8,74.2,71.9,69.1,66.8,64.4,62.1,60.3,58.2,56.6,55.1,0.0
39,"Congo, Dem. Rep.",COD,"Mortality rate, infant (per 1,000 live births)",SP.DYN.IMRT.IN,0.0,0.0,0.0,0.0,0.0,0.0,0.0,0.0,0.0,149.7,148.2,146.7,145.1,143.5,141.7,140.1,138.4,136.7,134.9,133.3,131.7,130.2,128.7,127.4,126.2,125.0,123.9,122.8,121.8,120.7,119.7,118.6,117.7,116.8,115.9,114.9,113.9,112.6,111.1,109.4,107.5,105.4,103.2,101.0,98.6,96.3,93.9,91.6,89.2,87.0,84.8,82.5,80.4,78.3,76.1,74.1,72.1,70.0,0.0
40,"Congo, Rep.",COG,"Mortality rate, infant (per 1,000 live births)",SP.DYN.IMRT.IN,109.9,107.8,105.7,103.6,101.4,99.1,96.6,94.2,91.9,89.7,87.5,85.4,83.2,81.4,79.5,77.5,75.7,74.0,72.2,70.6,68.8,67.2,65.6,63.9,62.3,60.9,59.6,58.8,58.3,58.4,58.8,59.7,60.9,62.4,64.3,66.3,68.5,70.5,72.1,72.8,72.5,71.2,68.8,65.6,62.0,58.1,54.4,51.0,48.0,45.6,43.6,42.0,40.5,39.2,38.0,36.9,35.8,34.7,0.0
41,Colombia,COL,"Mortality rate, infant (per 1,000 live births)",SP.DYN.IMRT.IN,93.9,91.1,88.4,85.9,83.5,81.3,79.1,76.9,74.8,72.6,70.4,68.1,65.8,63.3,60.8,58.2,55.4,52.7,49.9,47.2,44.6,42.2,40.0,37.9,36.0,34.4,33.0,31.7,30.7,29.7,28.9,28.1,27.3,26.4,25.6,24.8,24.0,23.2,22.5,21.8,21.2,20.6,20.0,19.5,19.0,18.4,17.9,17.4,16.9,16.4,15.9,15.4,14.9,14.4,14.0,13.5,13.1,12.7,0.0
42,Comoros,COM,"Mortality rate, infant (per 1,000 live births)",SP.DYN.IMRT.IN,0.0,0.0,0.0,0.0,0.0,0.0,0.0,0.0,0.0,0.0,150.0,147.1,144.1,141.3,138.4,135.3,132.1,128.8,125.4,121.8,118.3,114.8,111.4,108.0,104.7,101.5,98.4,95.6,92.9,90.3,87.7,85.2,82.8,80.6,78.6,76.9,75.5,74.5,73.6,73.1,72.7,72.4,72.3,72.0,71.4,70.3,69.0,67.5,65.9,64.3,62.6,60.9,59.5,57.9,56.4,54.9,53.6,52.2,0.0
43,Cabo Verde,CPV,"Mortality rate, infant (per 1,000 live births)",SP.DYN.IMRT.IN,0.0,0.0,0.0,0.0,0.0,0.0,0.0,0.0,0.0,126.0,116.8,108.4,100.7,93.7,87.3,81.7,76.9,72.9,69.5,67.0,65.1,63.7,62.7,61.7,60.5,58.9,56.7,54.3,51.9,49.7,48.2,47.2,46.7,46.3,45.8,44.6,42.4,39.5,36.0,32.4,29.2,26.5,24.5,23.2,22.5,22.2,22.1,22.1,21.9,21.7,21.2,20.6,19.8,18.9,17.9,16.9,15.9,15.0,0.0
44,Costa Rica,CRI,"Mortality rate, infant (per 1,000 live births)",SP.DYN.IMRT.IN,0.0,0.0,0.0,0.0,0.0,69.3,66.3,64.2,63.1,62.9,61.5,57.7,52.3,47.1,42.7,38.1,33.0,28.1,24.1,21.4,19.8,19.2,19.2,19.4,19.5,19.2,18.3,17.0,15.8,14.9,14.3,13.8,13.4,13.0,12.7,12.5,12.6,12.7,12.4,11.8,11.1,10.5,10.1,9.6,9.3,9.0,9.0,9.0,9.0,8.8,8.7,8.6,8.5,8.4,8.3,8.2,8.0,7.8,0.0
45,Cuba,CUB,"Mortality rate, infant (per 1,000 live births)",SP.DYN.IMRT.IN,0.0,0.0,0.0,41.7,40.6,39.7,39.4,39.6,39.6,39.1,37.4,34.5,31.0,27.9,26.1,24.8,23.1,20.8,18.7,17.4,16.7,16.5,16.2,16.0,15.6,15.0,14.1,13.2,12.2,11.3,10.5,9.8,9.2,8.8,8.5,8.3,8.1,7.6,7.1,6.6,6.3,6.1,6.0,6.0,5.8,5.6,5.4,5.1,5.0,4.8,4.6,4.5,4.5,4.4,4.3,4.3,4.2,4.1,0.0
46,Cyprus,CYP,"Mortality rate, infant (per 1,000 live births)",SP.DYN.IMRT.IN,0.0,0.0,0.0,0.0,0.0,0.0,0.0,0.0,0.0,0.0,0.0,0.0,0.0,0.0,0.0,0.0,0.0,0.0,0.0,20.7,19.1,17.6,16.1,14.7,13.4,12.2,11.4,10.7,10.3,10.1,9.9,9.6,9.3,8.9,8.4,8.0,7.5,7.0,6.6,6.1,5.7,5.3,5.0,4.6,4.3,4.1,3.8,3.6,3.4,3.2,3.0,2.8,2.7,2.5,2.4,2.3,2.2,2.1,0.0
47,Czech Republic,CZE,"Mortality rate, infant (per 1,000 live births)",SP.DYN.IMRT.IN,0.0,0.0,0.0,0.0,0.0,0.0,0.0,0.0,0.0,0.0,0.0,0.0,0.0,0.0,0.0,0.0,0.0,0.0,0.0,0.0,0.0,13.4,13.0,12.7,12.4,12.3,12.0,11.5,11.1,10.7,10.3,9.9,9.3,8.6,7.9,7.1,6.4,5.8,5.2,4.8,4.5,4.3,4.1,3.9,3.7,3.5,3.4,3.2,3.0,2.8,2.7,2.6,2.5,2.5,2.5,2.5,2.6,2.6,0.0
48,Germany,DEU,"Mortality rate, infant (per 1,000 live births)",SP.DYN.IMRT.IN,0.0,0.0,0.0,0.0,0.0,0.0,0.0,0.0,23.5,22.7,22.0,21.4,20.6,19.7,18.8,17.7,16.5,15.5,14.4,13.5,12.6,11.8,11.0,10.4,9.8,9.2,8.8,8.2,7.8,7.4,7.0,6.5,6.2,5.9,5.5,5.3,5.1,4.8,4.6,4.5,4.4,4.3,4.2,4.1,4.0,3.9,3.8,3.7,3.6,3.6,3.5,3.4,3.3,3.3,3.3,3.3,3.2,3.1,0.0
49,Djibouti,DJI,"Mortality rate, infant (per 1,000 live births)",SP.DYN.IMRT.IN,0.0,0.0,0.0,0.0,0.0,0.0,0.0,0.0,0.0,0.0,0.0,0.0,0.0,0.0,0.0,0.0,130.0,126.6,123.4,120.1,117.1,114.2,111.4,108.5,105.7,103.0,100.5,98.2,96.0,94.0,92.2,90.6,89.3,88.2,87.3,86.4,85.4,84.3,83.1,81.7,80.3,78.7,76.9,75.2,73.4,71.7,69.8,67.9,66.1,64.3,62.6,60.9,59.3,57.7,56.1,54.5,53.0,51.5,0.0
50,Dominica,DMA,"Mortality rate, infant (per 1,000 live births)",SP.DYN.IMRT.IN,85.7,79.4,73.7,68.6,64.1,60.2,56.9,53.9,51.0,48.0,44.8,41.0,37.0,32.9,28.9,25.4,22.3,19.8,17.8,16.2,15.1,14.4,13.9,13.7,13.6,13.6,13.7,13.8,13.9,14.1,14.2,14.3,14.3,14.3,14.2,14.1,14.0,13.8,13.7,13.6,13.4,13.4,13.4,13.6,13.8,14.3,14.8,15.6,16.5,17.6,18.9,20.5,22.4,24.4,26.6,28.8,30.4,31.5,0.0
51,Denmark,DNK,"Mortality rate, infant (per 1,000 live births)",SP.DYN.IMRT.IN,21.3,20.8,20.2,19.5,18.7,17.9,16.9,16.0,15.3,14.5,13.9,13.2,12.5,11.6,10.9,10.2,9.6,9.2,8.8,8.5,8.3,8.0,7.9,7.9,7.9,8.0,8.0,8.0,7.9,7.7,7.3,6.9,6.5,6.1,5.7,5.4,5.1,5.0,4.8,4.6,4.6,4.5,4.4,4.3,4.2,4.0,3.8,3.8,3.6,3.5,3.5,3.5,3.5,3.5,3.6,3.6,3.7,3.7,0.0
52,Dominican Republic,DOM,"Mortality rate, infant (per 1,000 live births)",SP.DYN.IMRT.IN,101.8,101.0,99.9,98.6,97.2,95.5,93.8,92.0,90.2,88.4,86.5,84.4,82.2,79.8,77.3,74.8,72.3,70.0,67.8,65.7,63.6,61.7,59.8,57.9,56.2,54.5,52.8,51.2,49.6,48.0,46.4,44.8,43.3,41.7,40.2,38.8,37.4,36.2,35.1,34.1,33.2,32.4,31.7,31.1,30.6,30.1,29.7,29.3,29.0,28.7,28.3,28.0,27.7,27.2,26.8,26.2,25.6,25.0,0.0
53,Algeria,DZA,"Mortality rate, infant (per 1,000 live births)",SP.DYN.IMRT.IN,146.1,146.3,146.6,147.0,147.6,148.1,148.5,148.6,148.2,147.1,145.3,142.9,139.9,136.3,132.2,127.8,123.1,118.3,113.2,107.7,101.6,94.4,86.0,76.7,67.4,59.3,52.9,48.4,45.2,43.2,41.8,40.9,40.0,39.1,38.1,37.2,36.3,35.5,34.9,34.4,33.9,33.3,32.4,31.3,30.1,28.8,27.5,26.4,25.3,24.3,23.5,22.9,22.4,22.1,21.8,21.4,21.0,20.6,0.0
54,Ecuador,ECU,"Mortality rate, infant (per 1,000 live births)",SP.DYN.IMRT.IN,119.8,116.4,113.3,110.3,107.6,105.2,103.0,101.0,99.3,97.6,95.8,93.7,91.3,88.6,85.4,82.1,78.8,75.7,72.8,70.0,67.1,64.3,61.3,58.4,55.5,52.8,50.4,48.2,46.1,44.2,42.4,40.6,38.7,36.9,35.0,33.0,31.1,29.1,27.4,25.7,24.3,23.1,22.0,21.1,20.2,19.4,18.7,17.9,17.2,16.4,15.7,15.0,14.4,13.8,13.4,13.0,12.7,12.5,0.0
55,"Egypt, Arab Rep.",EGY,"Mortality rate, infant (per 1,000 live births)",SP.DYN.IMRT.IN,210.5,203.6,196.6,189.9,183.7,178.2,173.5,169.8,166.8,164.4,162.3,160.1,157.3,153.6,149.0,143.8,138.0,131.9,125.8,119.8,114.1,108.3,102.4,96.3,89.9,83.8,78.2,73.3,69.1,65.8,62.9,60.2,57.6,55.0,52.2,49.5,46.7,44.1,41.6,39.4,37.3,35.4,33.7,32.2,30.8,29.6,28.4,27.3,26.2,25.2,24.3,23.3,22.4,21.6,20.9,20.1,19.4,18.8,0.0
56,Eritrea,ERI,"Mortality rate, infant (per 1,000 live births)",SP.DYN.IMRT.IN,0.0,0.0,0.0,0.0,0.0,0.0,0.0,0.0,0.0,0.0,0.0,0.0,0.0,0.0,125.8,123.3,121.0,118.9,117.0,115.4,113.8,112.2,110.7,109.0,107.3,105.5,103.4,101.2,98.7,95.8,92.7,89.2,85.4,81.6,77.6,73.8,70.1,66.8,63.6,60.6,57.9,55.4,53.1,50.9,48.8,46.9,45.2,43.5,41.9,40.5,39.2,38.0,36.8,35.8,34.7,33.9,32.9,32.1,0.0
57,Spain,ESP,"Mortality rate, infant (per 1,000 live births)",SP.DYN.IMRT.IN,38.4,35.9,33.7,31.9,30.3,28.8,27.4,26.0,24.4,22.5,20.5,18.7,17.3,16.4,16.1,16.3,16.4,15.9,14.8,13.6,12.4,11.3,10.7,10.1,9.6,9.2,8.8,8.4,8.1,7.7,7.5,7.1,6.8,6.4,6.0,5.5,5.1,4.9,4.6,4.5,4.3,4.3,4.2,4.0,4.0,3.8,3.7,3.6,3.4,3.3,3.1,3.1,3.0,2.9,2.8,2.7,2.6,2.6,0.0
58,Estonia,EST,"Mortality rate, infant (per 1,000 live births)",SP.DYN.IMRT.IN,0.0,0.0,0.0,0.0,0.0,0.0,0.0,0.0,0.0,0.0,0.0,0.0,0.0,0.0,0.0,0.0,0.0,0.0,0.0,0.0,17.8,17.0,16.5,15.9,15.4,15.0,14.7,14.5,14.3,14.2,14.0,14.0,13.8,13.5,13.1,12.5,11.9,11.1,10.3,9.6,8.8,8.1,7.4,6.8,6.2,5.7,5.2,4.7,4.3,4.0,3.6,3.3,3.1,2.9,2.6,2.5,2.3,2.1,0.0
59,Ethiopia,ETH,"Mortality rate, infant (per 1,000 live births)",SP.DYN.IMRT.IN,0.0,0.0,0.0,0.0,0.0,0.0,143.6,143.4,143.3,143.3,143.4,143.4,143.4,143.3,143.2,143.2,143.2,143.1,142.8,142.2,141.2,139.8,138.0,135.8,133.4,131.1,128.9,126.8,124.7,122.5,120.2,117.7,114.8,111.7,108.2,104.7,101.2,97.8,94.6,91.4,88.2,84.9,81.5,77.9,74.3,70.7,67.2,63.9,60.8,57.9,55.3,52.7,50.4,48.2,46.1,44.2,42.5,41.0,0.0
60,Finland,FIN,"Mortality rate, infant (per 1,000 live births)",SP.DYN.IMRT.IN,22.0,20.6,19.5,18.4,17.4,16.6,15.8,15.1,14.4,13.8,13.2,12.6,12.0,11.4,10.7,10.1,9.4,8.7,8.1,7.6,7.1,6.8,6.5,6.3,6.1,6.0,6.0,5.9,5.8,5.7,5.5,5.3,5.0,4.7,4.5,4.3,4.1,3.9,3.7,3.6,3.5,3.4,3.3,3.3,3.2,3.1,3.0,2.8,2.7,2.6,2.5,2.4,2.3,2.2,2.1,2.0,1.9,1.9,0.0
61,Fiji,FJI,"Mortality rate, infant (per 1,000 live births)",SP.DYN.IMRT.IN,57.2,55.1,53.2,51.5,50.0,48.7,47.5,46.5,45.6,45.0,44.5,44.1,43.8,43.4,42.8,42.1,41.2,40.0,38.6,37.1,35.5,34.0,32.5,31.2,30.0,28.9,27.9,27.0,26.1,25.2,24.3,23.5,22.7,22.1,21.5,21.0,20.6,20.3,20.0,19.7,19.5,19.3,19.2,19.2,19.4,19.6,19.9,20.1,20.2,20.3,20.3,20.3,20.4,20.4,20.6,20.8,21.1,21.4,0.0
62,France,FRA,"Mortality rate, infant (per 1,000 live births)",SP.DYN.IMRT.IN,23.7,22.4,21.3,20.3,19.3,18.5,17.7,17.1,16.4,15.8,15.1,14.3,13.7,13.2,12.7,12.3,11.9,11.5,11.0,10.6,10.2,9.8,9.5,9.1,8.8,8.5,8.3,8.1,7.9,7.7,7.4,7.1,6.7,6.2,5.8,5.4,5.0,4.8,4.6,4.5,4.4,4.3,4.2,4.0,3.9,3.8,3.7,3.6,3.6,3.5,3.5,3.5,3.4,3.4,3.4,3.5,3.5,3.5,0.0
63,"Micronesia, Fed. Sts.",FSM,"Mortality rate, infant (per 1,000 live births)",SP.DYN.IMRT.IN,0.0,0.0,0.0,0.0,0.0,0.0,0.0,0.0,0.0,0.0,0.0,0.0,0.0,0.0,0.0,0.0,0.0,0.0,0.0,0.0,0.0,44.1,44.6,45.0,45.3,45.3,45.0,44.6,44.1,43.5,43.0,42.8,42.7,42.7,42.9,43.0,43.2,43.3,43.0,42.6,41.9,41.2,40.3,39.3,38.4,37.4,36.4,35.4,34.4,33.4,32.6,31.7,30.8,29.9,29.0,28.2,27.4,26.7,0.0
64,Gabon,GAB,"Mortality rate, infant (per 1,000 live births)",SP.DYN.IMRT.IN,0.0,0.0,0.0,0.0,0.0,0.0,0.0,0.0,0.0,0.0,0.0,0.0,0.0,0.0,0.0,0.0,0.0,0.0,78.8,76.4,74.0,71.7,69.6,67.7,66.0,64.5,63.2,62.2,61.4,60.7,60.2,59.6,59.1,58.6,58.1,57.6,57.1,56.5,55.8,55.0,54.2,53.3,52.3,51.2,50.2,49.0,48.0,46.6,45.4,44.2,42.9,41.7,40.4,39.3,38.5,37.4,36.1,35.1,0.0
65,United Kingdom,GBR,"Mortality rate, infant (per 1,000 live births)",SP.DYN.IMRT.IN,22.9,22.4,22.0,21.4,20.8,20.1,19.6,19.1,18.7,18.4,18.0,17.7,17.1,16.6,16.0,15.4,14.7,14.1,13.4,12.7,12.0,11.4,10.8,10.4,10.0,9.7,9.5,9.2,8.9,8.4,7.9,7.4,7.0,6.5,6.3,6.1,5.9,5.9,5.8,5.7,5.5,5.4,5.3,5.3,5.3,5.1,5.0,4.9,4.8,4.6,4.4,4.2,4.1,3.9,3.8,3.8,3.7,3.7,0.0
66,Georgia,GEO,"Mortality rate, infant (per 1,000 live births)",SP.DYN.IMRT.IN,0.0,0.0,0.0,0.0,0.0,0.0,0.0,0.0,0.0,0.0,0.0,0.0,0.0,0.0,0.0,56.2,54.7,53.3,51.8,50.4,49.0,47.7,46.5,45.3,44.3,43.4,42.7,42.1,41.6,41.2,40.8,40.4,39.9,39.4,38.7,37.9,36.9,35.7,34.3,32.7,30.9,29.1,27.2,25.3,23.5,21.7,20.1,18.6,17.2,15.9,14.8,13.8,13.0,12.2,11.5,10.8,10.2,9.7,0.0
67,Ghana,GHA,"Mortality rate, infant (per 1,000 live births)",SP.DYN.IMRT.IN,124.2,122.9,121.9,121.2,120.6,120.4,120.4,120.6,120.6,120.5,120.1,119.4,118.2,116.4,114.1,111.4,108.7,106.0,103.7,102.0,100.8,99.9,99.1,98.1,96.6,94.4,91.7,88.6,85.4,82.2,79.3,76.9,75.0,73.5,72.4,71.4,70.3,69.1,67.6,65.9,64.1,62.2,60.4,58.9,57.6,56.4,55.3,54.0,52.6,50.9,48.9,46.9,44.8,42.8,40.7,38.9,37.2,35.7,0.0
68,Guinea,GIN,"Mortality rate, infant (per 1,000 live births)",SP.DYN.IMRT.IN,0.0,0.0,0.0,0.0,0.0,0.0,199.9,198.1,196.2,194.2,192.2,190.2,188.1,186.0,183.9,181.4,178.8,176.0,173.1,170.2,167.1,164.2,161.4,158.6,155.8,153.1,150.4,147.6,144.8,141.8,138.6,135.2,131.5,127.8,124.1,120.2,116.4,112.5,108.5,104.6,100.5,96.4,92.4,88.7,85.2,82.0,79.1,76.4,73.9,71.6,69.5,67.4,65.4,63.5,61.6,59.8,58.1,56.4,0.0
69,"Gambia, The",GMB,"Mortality rate, infant (per 1,000 live births)",SP.DYN.IMRT.IN,152.3,149.9,147.6,145.3,143.0,140.7,138.6,136.4,134.2,132.1,129.8,127.4,125.2,122.9,120.4,118.1,115.6,113.3,111.1,109.0,106.7,104.4,102.1,99.6,97.1,94.6,92.0,89.5,87.1,84.7,82.4,80.2,78.1,76.0,74.1,72.2,70.3,68.5,66.8,65.1,63.4,61.8,60.1,58.5,57.0,55.4,53.9,52.5,51.2,49.9,48.7,47.6,46.4,45.4,44.2,43.3,42.3,41.4,0.0
70,Guinea-Bissau,GNB,"Mortality rate, infant (per 1,000 live births)",SP.DYN.IMRT.IN,0.0,0.0,0.0,0.0,0.0,0.0,0.0,0.0,0.0,0.0,0.0,0.0,0.0,0.0,0.0,0.0,0.0,0.0,0.0,0.0,0.0,0.0,0.0,0.0,0.0,144.5,141.9,139.5,137.1,134.7,132.3,129.9,127.5,125.0,122.5,119.8,117.1,114.4,111.6,108.9,106.1,103.1,99.9,96.7,93.3,89.8,86.2,82.6,79.1,75.6,72.3,69.1,66.2,63.6,61.4,59.3,57.4,55.6,0.0
71,Equatorial Guinea,GNQ,"Mortality rate, infant (per 1,000 live births)",SP.DYN.IMRT.IN,0.0,0.0,0.0,0.0,0.0,0.0,0.0,0.0,0.0,0.0,0.0,0.0,0.0,0.0,0.0,0.0,0.0,0.0,0.0,0.0,0.0,0.0,133.8,131.4,129.0,126.9,125.3,123.8,122.8,121.9,121.0,120.1,119.3,118.6,117.8,116.8,115.6,114.1,112.2,110.0,107.5,105.0,102.3,99.6,96.9,94.0,91.2,88.4,85.7,83.0,80.5,78.2,76.0,73.8,71.5,69.4,67.4,65.3,0.0
72,Greece,GRC,"Mortality rate, infant (per 1,000 live births)",SP.DYN.IMRT.IN,38.9,38.2,37.3,36.2,35.3,34.4,33.5,32.5,31.2,29.4,27.6,25.9,24.9,24.4,24.0,23.3,22.3,21.2,19.9,18.6,17.4,16.2,15.2,14.4,13.7,13.0,12.2,11.4,10.5,9.8,9.2,8.7,8.4,8.0,7.7,7.4,7.1,6.7,6.3,6.0,5.5,5.1,4.8,4.4,4.2,3.9,3.6,3.4,3.3,3.3,3.2,3.2,3.3,3.5,3.6,3.9,4.2,4.3,0.0
73,Grenada,GRD,"Mortality rate, infant (per 1,000 live births)",SP.DYN.IMRT.IN,0.0,0.0,0.0,0.0,0.0,0.0,0.0,0.0,0.0,0.0,0.0,0.0,0.0,0.0,0.0,0.0,0.0,0.0,0.0,0.0,0.0,0.0,0.0,0.0,19.8,19.7,19.6,19.4,19.1,18.6,18.1,17.4,16.8,16.1,15.5,15.0,14.5,14.1,13.8,13.5,13.2,13.0,12.7,12.5,12.4,12.3,12.2,12.2,12.3,12.5,12.7,13.1,13.4,13.9,14.4,14.8,15.1,15.3,0.0
74,Guatemala,GTM,"Mortality rate, infant (per 1,000 live births)",SP.DYN.IMRT.IN,146.7,143.8,140.9,138.1,135.2,132.3,129.4,126.5,123.5,120.4,117.4,114.4,111.3,108.2,105.1,102.1,99.1,96.0,93.1,90.1,87.2,84.4,81.5,78.7,75.9,73.1,70.4,67.7,65.1,62.6,60.1,57.7,55.4,53.2,51.1,49.2,47.3,45.5,43.8,42.3,40.8,39.4,38.0,36.7,35.5,34.3,33.2,32.1,31.1,30.1,29.1,28.2,27.2,26.3,25.5,24.7,23.9,23.1,0.0
75,Guyana,GUY,"Mortality rate, infant (per 1,000 live births)",SP.DYN.IMRT.IN,66.5,64.1,61.9,60.2,58.8,57.6,56.8,56.1,55.5,55.2,54.9,54.8,54.7,54.6,54.5,54.4,54.2,53.9,53.6,53.2,52.9,52.5,52.1,51.6,51.2,50.7,50.1,49.4,48.6,47.6,46.6,45.6,44.6,43.5,42.5,41.5,40.6,39.7,38.8,38.0,37.2,36.4,35.6,34.9,34.2,33.6,33.0,32.4,31.8,31.2,30.7,30.1,29.5,28.9,28.3,27.5,26.7,26.0,0.0
76,Honduras,HND,"Mortality rate, infant (per 1,000 live births)",SP.DYN.IMRT.IN,140.0,135.7,131.5,127.3,123.4,119.5,115.8,112.2,108.6,105.0,101.5,97.9,94.4,90.9,87.6,84.3,81.1,77.9,74.8,71.7,68.8,65.9,63.1,60.5,58.0,55.6,53.3,51.1,49.0,47.0,45.1,43.3,41.6,40.0,38.5,37.1,35.7,34.4,36.7,31.8,30.6,29.3,28.1,26.9,25.8,24.7,23.7,22.7,21.8,20.9,20.1,19.3,18.6,18.0,17.3,16.7,16.2,15.6,0.0
77,Croatia,HRV,"Mortality rate, infant (per 1,000 live births)",SP.DYN.IMRT.IN,0.0,0.0,0.0,0.0,0.0,0.0,0.0,0.0,0.0,0.0,0.0,0.0,0.0,0.0,0.0,0.0,0.0,0.0,0.0,0.0,0.0,20.6,19.4,18.2,17.0,15.9,14.8,13.8,12.8,11.9,11.1,10.5,9.9,9.5,9.0,8.7,8.3,8.1,7.7,7.4,7.2,6.9,6.6,6.4,6.0,5.8,5.5,5.3,5.1,4.9,4.7,4.5,4.5,4.3,4.2,4.1,4.0,3.9,0.0
78,Haiti,HTI,"Mortality rate, infant (per 1,000 live births)",SP.DYN.IMRT.IN,189.8,186.8,184.0,181.1,178.3,175.5,172.6,169.5,166.5,163.4,160.2,156.9,153.5,150.1,146.8,143.5,140.2,136.9,133.7,130.5,127.4,124.4,121.5,118.6,115.8,113.1,110.4,107.8,105.3,102.8,100.3,97.8,95.2,92.5,89.9,87.3,84.6,81.9,79.4,76.8,74.5,72.3,70.4,68.7,67.2,65.8,64.6,63.5,62.4,61.4,87.0,59.6,58.8,57.9,57.0,56.1,55.0,53.9,0.0
79,Hungary,HUN,"Mortality rate, infant (per 1,000 live births)",SP.DYN.IMRT.IN,47.5,45.6,44.2,42.7,41.1,39.8,38.8,37.9,36.9,35.9,35.1,34.7,34.5,34.6,34.3,32.6,29.5,26.4,24.2,22.8,21.6,20.4,19.7,19.6,19.8,19.6,18.6,17.4,16.4,15.8,15.2,14.6,13.7,12.7,11.6,10.8,10.3,9.9,9.6,9.2,8.7,8.1,7.6,7.2,6.8,6.4,6.1,5.8,5.5,5.3,5.1,4.9,4.8,4.7,4.5,4.3,4.1,3.8,0.0
80,Indonesia,IDN,"Mortality rate, infant (per 1,000 live births)",SP.DYN.IMRT.IN,148.5,144.8,141.3,137.8,134.2,130.7,127.0,123.3,119.7,116.2,112.7,109.4,106.2,103.1,100.1,97.2,94.5,92.0,89.5,87.2,84.9,82.6,80.3,78.0,75.8,73.5,71.2,68.9,66.6,64.2,61.8,59.4,57.0,54.7,52.6,50.4,48.4,46.4,44.5,42.6,40.9,39.3,37.7,36.2,36.0,33.5,32.2,30.9,29.8,28.6,27.5,26.4,25.4,24.5,23.7,22.9,22.2,21.4,0.0
81,India,IND,"Mortality rate, infant (per 1,000 live births)",SP.DYN.IMRT.IN,161.4,159.0,156.7,154.6,152.7,150.9,149.1,147.5,145.8,144.1,142.3,140.3,138.1,135.9,133.3,130.5,127.4,124.2,120.7,117.5,114.3,111.2,108.4,105.7,103.1,100.7,98.2,95.7,93.3,90.8,88.5,86.3,84.1,82.1,80.0,77.9,75.8,73.5,71.2,69.0,66.7,64.4,62.2,60.0,57.8,55.7,53.7,51.6,49.5,47.4,45.3,43.2,41.1,39.1,37.2,35.3,33.6,32.0,0.0
82,Ireland,IRL,"Mortality rate, infant (per 1,000 live births)",SP.DYN.IMRT.IN,30.3,29.1,28.0,27.0,25.9,24.7,23.3,21.9,20.7,19.7,19.0,18.6,18.2,17.9,17.5,16.9,16.1,15.3,14.2,13.0,12.0,11.1,10.4,9.8,9.3,8.9,8.7,8.5,8.3,8.0,7.7,7.2,6.8,6.4,6.2,6.1,6.1,6.1,6.1,6.1,6.0,5.8,5.4,5.0,4.7,4.4,4.0,3.9,3.7,3.6,3.5,3.4,3.4,3.3,3.2,3.1,3.0,3.0,0.0
83,"Iran, Islamic Rep.",IRN,"Mortality rate, infant (per 1,000 live births)",SP.DYN.IMRT.IN,0.0,0.0,0.0,0.0,0.0,0.0,0.0,0.0,0.0,0.0,0.0,125.6,120.1,114.9,109.8,104.5,99.0,93.3,87.5,81.8,76.3,71.2,66.7,62.7,59.2,56.1,53.3,50.7,48.2,45.9,43.7,41.7,40.0,38.4,36.9,35.5,34.1,32.6,31.2,29.7,28.2,26.8,25.4,24.2,22.9,21.8,20.7,19.6,18.6,17.6,16.8,16.1,15.4,14.9,14.3,13.8,13.3,12.8,0.0
84,Iraq,IRQ,"Mortality rate, infant (per 1,000 live births)",SP.DYN.IMRT.IN,129.2,122.2,116.1,110.5,105.3,100.5,95.9,91.6,87.7,84.0,80.5,77.3,74.1,71.1,68.2,65.5,62.9,60.6,58.4,56.3,54.5,52.8,51.2,49.7,48.4,47.1,45.9,44.8,43.8,43.0,42.2,41.5,40.8,40.2,39.6,39.0,38.4,37.7,37.1,36.5,35.9,35.3,34.8,34.2,33.7,33.2,32.6,32.0,31.4,30.8,30.2,29.5,28.9,28.1,27.4,26.7,26.0,25.3,0.0
85,Iceland,ISL,"Mortality rate, infant (per 1,000 live births)",SP.DYN.IMRT.IN,17.5,17.2,16.9,16.5,16.0,15.5,15.0,14.4,13.9,13.3,12.8,12.3,11.9,11.4,10.9,10.4,9.9,9.3,8.8,8.2,7.8,7.3,6.9,6.5,6.2,6.0,5.7,5.5,5.3,5.1,5.0,4.8,4.6,4.4,4.3,4.1,3.9,3.7,3.6,3.4,3.2,3.0,2.9,2.7,2.6,2.5,2.4,2.3,2.2,2.1,2.0,2.0,1.9,1.8,1.8,1.7,1.7,1.6,0.0
86,Israel,ISR,"Mortality rate, infant (per 1,000 live births)",SP.DYN.IMRT.IN,0.0,0.0,0.0,0.0,0.0,0.0,0.0,0.0,0.0,0.0,0.0,0.0,0.0,0.0,24.8,22.4,20.2,18.6,17.2,16.1,15.4,14.6,14.0,13.4,12.8,12.1,11.5,11.0,10.4,10.1,9.7,9.2,8.7,8.1,7.6,7.2,6.7,6.4,6.1,5.9,5.6,5.4,5.2,4.9,4.7,4.5,4.3,4.1,3.9,3.8,3.7,3.5,3.4,3.3,3.2,3.0,2.9,2.9,0.0
87,Italy,ITA,"Mortality rate, infant (per 1,000 live births)",SP.DYN.IMRT.IN,44.2,42.6,40.9,39.1,37.4,35.8,34.3,33.1,32.0,30.9,29.7,28.2,26.4,24.5,22.5,20.5,18.8,17.3,16.1,15.1,14.2,13.4,12.6,11.9,11.2,10.5,9.9,9.4,9.0,8.7,8.4,8.1,7.7,7.3,6.8,6.4,6.0,5.6,5.3,5.0,4.7,4.5,4.3,4.1,3.9,3.8,3.7,3.6,3.5,3.4,3.4,3.3,3.2,3.1,3.0,3.0,2.9,2.9,0.0
88,Jamaica,JAM,"Mortality rate, infant (per 1,000 live births)",SP.DYN.IMRT.IN,60.8,58.6,56.5,54.6,52.9,51.3,49.8,48.4,47.0,45.6,44.2,42.8,41.5,40.1,38.9,37.8,36.7,35.8,34.8,33.9,33.1,32.2,31.4,30.6,29.9,29.1,28.3,27.6,26.9,26.2,25.5,24.8,24.0,23.4,22.7,22.0,21.4,20.7,20.1,19.6,19.0,18.5,18.1,17.8,17.5,17.3,17.1,16.9,16.6,16.3,16.0,15.6,15.2,14.8,14.3,13.9,13.5,13.1,0.0
89,Jordan,JOR,"Mortality rate, infant (per 1,000 live births)",SP.DYN.IMRT.IN,106.8,101.2,95.9,90.8,86.3,82.0,78.1,74.4,71.1,67.9,65.0,62.3,59.7,57.2,54.9,52.8,50.7,48.7,46.7,44.9,43.1,41.4,39.8,38.3,36.8,35.4,34.1,32.9,31.7,30.7,29.8,29.0,28.2,27.5,26.8,26.2,25.6,25.0,24.4,23.9,23.3,22.8,22.2,21.7,21.1,20.6,20.0,19.5,19.0,18.5,18.0,17.5,17.0,16.5,16.0,15.5,15.1,14.6,0.0
90,Japan,JPN,"Mortality rate, infant (per 1,000 live births)",SP.DYN.IMRT.IN,30.4,27.9,25.5,23.1,21.0,19.1,17.6,16.3,15.1,14.2,13.4,12.6,11.9,11.3,10.6,10.0,9.4,8.8,8.3,7.8,7.4,7.0,6.6,6.2,5.8,5.5,5.2,5.0,4.8,4.7,4.6,4.5,4.4,4.4,4.2,4.1,4.0,3.8,3.6,3.4,3.3,3.1,3.0,2.9,2.8,2.8,2.7,2.6,2.5,2.4,2.4,2.4,2.2,2.1,2.1,2.1,1.9,1.9,0.0
91,Kazakhstan,KAZ,"Mortality rate, infant (per 1,000 live births)",SP.DYN.IMRT.IN,0.0,0.0,0.0,0.0,0.0,0.0,0.0,0.0,0.0,0.0,0.0,68.5,67.1,65.7,64.5,63.4,62.4,61.4,60.3,59.1,57.8,56.2,54.6,53.0,51.3,49.8,48.4,47.1,45.9,45.1,44.6,44.5,44.7,44.9,45.0,44.8,44.0,42.7,41.0,39.1,37.1,35.2,33.2,31.4,29.6,27.7,25.9,24.0,22.1,20.1,18.2,16.4,14.6,13.1,11.8,10.7,9.7,8.9,0.0
92,Kenya,KEN,"Mortality rate, infant (per 1,000 live births)",SP.DYN.IMRT.IN,117.4,112.9,109.0,105.6,102.8,100.6,98.9,97.3,95.7,94.0,92.2,90.4,88.4,86.3,84.0,81.6,79.2,76.6,74.1,71.6,69.8,67.8,66.0,64.6,63.5,62.8,62.6,62.8,63.5,64.6,65.9,67.3,68.6,69.6,70.2,70.3,69.9,69.0,67.7,66.0,64.0,61.7,59.1,56.4,53.5,50.4,47.7,45.5,43.1,41.4,39.9,38.9,38.3,37.4,36.3,35.1,34.3,33.6,0.0
93,Kyrgyz Republic,KGZ,"Mortality rate, infant (per 1,000 live births)",SP.DYN.IMRT.IN,0.0,0.0,0.0,0.0,0.0,0.0,0.0,0.0,0.0,0.0,0.0,0.0,0.0,0.0,0.0,87.3,85.2,83.2,81.0,78.8,76.5,74.0,71.4,68.7,66.1,63.5,61.0,58.8,56.9,55.5,54.6,54.1,53.7,53.0,52.1,50.8,49.2,47.5,45.7,44.0,42.2,40.5,38.9,37.3,35.7,34.3,32.8,31.2,29.6,27.8,26.1,24.6,23.2,22.0,20.9,19.8,18.8,17.9,0.0
94,Cambodia,KHM,"Mortality rate, infant (per 1,000 live births)",SP.DYN.IMRT.IN,0.0,0.0,0.0,0.0,0.0,0.0,0.0,0.0,0.0,0.0,0.0,0.0,0.0,0.0,0.0,176.2,164.9,153.8,141.4,128.4,116.0,105.0,96.6,91.2,88.1,86.4,85.4,84.9,84.7,84.7,84.7,84.7,84.9,85.4,86.2,86.8,87.1,86.8,85.8,83.6,79.6,73.9,67.7,62.1,57.3,53.3,49.8,46.7,43.6,40.6,37.8,35.1,32.6,30.6,28.9,27.5,26.3,25.1,0.0
95,Kiribati,KIR,"Mortality rate, infant (per 1,000 live births)",SP.DYN.IMRT.IN,0.0,0.0,0.0,120.4,116.3,112.3,108.6,105.1,101.9,98.7,95.8,93.4,91.2,89.5,88.2,87.4,86.6,86.1,85.8,85.6,85.4,85.1,84.6,83.8,82.8,81.4,79.4,77.1,74.6,71.9,69.2,66.8,64.8,63.0,61.5,60.2,58.9,57.7,56.3,54.9,53.7,52.5,51.5,50.8,50.5,50.4,50.5,50.6,50.5,50.2,49.6,48.8,47.9,46.9,45.9,44.8,43.8,42.7,0.0
96,St. Kitts and Nevis,KNA,"Mortality rate, infant (per 1,000 live births)",SP.DYN.IMRT.IN,0.0,0.0,0.0,0.0,0.0,0.0,0.0,0.0,0.0,0.0,56.5,54.9,53.3,51.8,50.4,49.1,47.9,46.6,45.2,43.6,41.8,39.8,37.6,35.6,33.5,31.8,30.2,28.8,27.7,26.8,26.1,25.4,25.0,24.6,24.2,23.6,22.9,22.0,21.0,19.9,18.7,17.6,16.5,15.6,14.7,14.0,13.3,12.8,12.4,12.1,11.9,11.8,11.7,11.7,11.7,11.7,11.7,11.6,0.0
97,"Korea, Rep.",KOR,"Mortality rate, infant (per 1,000 live births)",SP.DYN.IMRT.IN,79.2,75.8,72.7,69.7,66.7,63.5,60.2,56.8,53.5,50.2,47.1,44.3,41.8,39.8,38.0,36.5,35.1,33.8,32.5,31.1,29.5,27.8,26.0,24.2,22.4,20.6,18.9,17.3,15.8,14.5,13.3,12.2,11.3,10.4,9.6,8.9,8.3,7.7,7.2,6.8,6.4,6.1,5.7,5.4,5.1,4.7,4.4,4.1,3.9,3.7,3.5,3.4,3.3,3.2,3.1,3.0,2.9,2.8,0.0
98,Kuwait,KWT,"Mortality rate, infant (per 1,000 live births)",SP.DYN.IMRT.IN,97.3,91.6,86.0,80.8,75.7,70.9,66.6,62.6,59.0,55.9,53.0,50.2,47.7,45.2,42.8,40.5,38.2,36.0,33.9,31.8,29.7,27.4,25.1,23.0,21.1,19.6,18.5,17.6,16.8,16.0,15.1,15.0,13.8,13.3,12.9,12.5,12.2,11.8,11.5,11.2,10.9,10.8,10.6,10.5,10.3,10.1,10.0,9.8,9.7,9.5,9.2,8.9,8.5,8.2,7.8,7.5,7.2,6.9,0.0
99,Lao PDR,LAO,"Mortality rate, infant (per 1,000 live births)",SP.DYN.IMRT.IN,0.0,0.0,0.0,0.0,0.0,0.0,0.0,0.0,0.0,0.0,0.0,0.0,0.0,0.0,0.0,0.0,0.0,0.0,143.4,139.9,136.5,133.2,129.9,126.8,123.7,120.6,117.8,114.9,112.0,109.1,106.1,103.1,100.2,97.3,94.5,91.8,89.2,86.8,84.4,82.1,80.0,77.8,75.6,73.5,71.4,69.3,67.3,65.2,63.2,61.3,59.5,57.8,56.0,54.5,53.0,51.5,50.1,48.6,0.0
100,Lebanon,LBN,"Mortality rate, infant (per 1,000 live births)",SP.DYN.IMRT.IN,56.7,55.2,54.0,52.7,51.6,50.6,49.8,49.0,48.4,47.8,47.3,46.8,46.3,45.7,45.1,44.4,43.6,42.7,41.8,40.7,39.6,38.4,37.2,35.9,34.6,33.2,31.9,30.6,29.3,28.1,26.9,25.7,24.7,23.6,22.7,21.7,20.8,19.9,19.0,18.0,17.1,16.1,15.1,14.2,13.2,12.2,11.3,10.5,9.8,9.3,8.8,8.4,8.1,7.7,7.4,7.2,6.9,6.7,0.0
101,Liberia,LBR,"Mortality rate, infant (per 1,000 live births)",SP.DYN.IMRT.IN,208.8,209.0,208.7,208.0,206.9,205.3,203.2,200.6,197.4,193.9,190.3,187.0,183.9,180.9,177.7,174.5,171.5,168.9,166.3,164.0,161.7,159.8,158.3,157.5,157.5,158.5,160.7,163.8,167.4,171.0,173.7,175.0,174.4,171.9,167.7,162.2,155.8,148.7,141.3,133.6,125.7,117.8,110.3,103.0,96.0,89.9,84.6,80.2,76.5,73.3,70.4,67.8,65.4,63.2,61.2,59.3,57.6,55.9,0.0
102,Libya,LBY,"Mortality rate, infant (per 1,000 live births)",SP.DYN.IMRT.IN,163.6,155.3,147.3,139.6,132.3,125.2,118.6,112.1,106.2,100.4,95.1,89.9,85.2,80.7,76.4,72.4,68.7,65.3,62.3,59.5,56.9,54.5,52.2,49.9,47.8,45.6,43.6,41.4,39.4,37.4,35.7,33.9,32.3,30.9,29.6,28.4,27.4,26.5,25.6,24.9,24.1,23.4,22.7,21.9,20.9,19.8,18.6,17.3,16.1,15.1,14.2,13.9,12.9,12.3,11.8,11.4,11.0,10.6,0.0
103,St. Lucia,LCA,"Mortality rate, infant (per 1,000 live births)",SP.DYN.IMRT.IN,0.0,0.0,0.0,0.0,0.0,0.0,0.0,0.0,0.0,0.0,58.6,53.5,48.7,44.1,39.9,36.2,33.0,30.3,28.2,26.5,25.1,24.0,23.1,22.4,21.7,21.1,20.4,19.9,19.4,19.0,18.6,18.4,18.0,17.7,17.3,16.9,16.6,16.3,16.0,15.8,15.6,15.6,15.6,15.8,15.9,16.0,16.2,16.3,16.3,16.4,16.3,16.3,16.1,16.0,15.8,15.5,15.3,14.9,0.0
104,Sri Lanka,LKA,"Mortality rate, infant (per 1,000 live births)",SP.DYN.IMRT.IN,70.1,67.7,65.4,63.2,61.3,59.6,58.0,56.7,55.6,54.7,54.0,53.3,52.5,51.7,50.7,49.5,48.0,46.1,44.2,42.0,39.6,37.0,34.2,31.2,28.2,25.2,22.6,20.5,19.2,18.4,18.1,18.1,18.1,18.0,17.6,17.1,16.5,15.9,15.3,14.7,14.2,13.8,13.4,13.1,15.5,12.3,11.7,11.0,10.6,10.2,10.0,9.6,9.3,8.9,8.5,8.2,7.8,7.5,0.0
105,Lesotho,LSO,"Mortality rate, infant (per 1,000 live births)",SP.DYN.IMRT.IN,141.3,140.7,140.5,140.7,140.8,140.9,140.4,139.3,137.7,135.6,133.1,130.3,127.4,124.3,120.8,117.1,113.0,108.7,104.2,99.8,95.5,91.5,87.7,84.3,81.3,78.6,76.4,74.5,73.0,71.9,71.2,71.0,71.2,72.0,73.1,74.6,76.2,78.0,79.6,81.1,82.5,83.7,84.7,85.5,85.7,85.5,84.3,81.8,82.1,79.2,74.5,73.0,72.8,72.0,70.9,70.5,68.4,66.5,0.0
106,Lithuania,LTU,"Mortality rate, infant (per 1,000 live births)",SP.DYN.IMRT.IN,0.0,0.0,0.0,0.0,0.0,0.0,0.0,20.1,20.7,19.7,17.9,16.6,16.6,17.1,17.5,17.7,17.7,17.6,17.2,16.7,16.0,15.5,15.1,14.8,14.4,13.8,12.9,11.9,11.2,11.3,12.0,13.1,14.1,14.4,13.5,11.9,10.6,9.8,9.3,8.9,8.6,8.2,7.9,7.6,7.4,7.2,6.9,6.5,5.9,5.3,4.9,4.5,4.2,4.0,4.0,4.0,3.8,3.4,0.0
107,Luxembourg,LUX,"Mortality rate, infant (per 1,000 live births)",SP.DYN.IMRT.IN,0.0,0.0,0.0,0.0,25.7,24.4,23.2,22.1,21.0,19.9,18.9,17.8,16.8,15.8,14.9,14.1,13.4,12.7,12.2,11.7,11.3,11.0,10.6,10.2,9.8,9.4,9.0,8.6,8.1,7.7,7.3,6.8,6.4,6.0,5.6,5.3,5.0,4.7,4.4,4.2,3.9,3.7,3.5,3.3,3.1,3.0,2.8,2.7,2.6,2.5,2.4,2.4,2.3,2.3,2.2,2.2,2.1,2.1,0.0
108,Latvia,LVA,"Mortality rate, infant (per 1,000 live births)",SP.DYN.IMRT.IN,0.0,0.0,0.0,0.0,0.0,0.0,0.0,0.0,0.0,0.0,0.0,0.0,0.0,0.0,0.0,0.0,0.0,0.0,0.0,15.2,15.3,15.3,15.1,14.7,14.0,13.2,12.4,11.9,11.8,12.2,13.1,14.3,15.2,15.7,15.8,15.7,15.2,14.5,13.4,12.4,11.6,10.9,10.3,9.7,9.2,8.7,8.2,7.8,7.4,7.0,6.6,6.2,5.7,5.2,4.7,4.3,3.9,3.6,0.0
109,Morocco,MAR,"Mortality rate, infant (per 1,000 live births)",SP.DYN.IMRT.IN,144.2,141.9,139.6,137.2,134.7,132.2,129.6,127.1,124.6,122.3,120.1,118.1,116.1,114.0,111.7,109.1,106.3,103.3,100.0,96.8,93.4,90.1,86.7,83.4,80.0,76.7,73.6,70.6,67.8,65.2,62.7,60.3,58.1,55.9,53.8,51.6,49.5,47.5,45.6,43.8,42.0,40.3,38.6,37.1,35.6,34.1,32.7,31.4,30.1,28.8,27.5,26.3,25.1,24.0,22.9,21.8,20.9,20.0,0.0
110,Monaco,MCO,"Mortality rate, infant (per 1,000 live births)",SP.DYN.IMRT.IN,0.0,0.0,0.0,0.0,0.0,0.0,0.0,0.0,0.0,0.0,0.0,0.0,0.0,0.0,0.0,0.0,0.0,0.0,0.0,0.0,0.0,0.0,0.0,0.0,0.0,7.9,7.6,7.3,6.9,6.6,6.4,6.0,5.8,5.5,5.3,5.1,4.9,4.7,4.5,4.3,4.2,4.1,3.9,3.8,3.7,3.7,3.6,3.5,3.4,3.3,3.3,3.2,3.1,3.0,2.9,2.8,2.8,2.7,0.0
111,Moldova,MDA,"Mortality rate, infant (per 1,000 live births)",SP.DYN.IMRT.IN,0.0,0.0,0.0,0.0,0.0,0.0,0.0,0.0,0.0,0.0,0.0,49.3,48.2,47.0,45.8,44.7,43.5,42.4,41.3,40.4,39.5,38.5,37.2,35.8,34.3,32.8,31.3,29.8,28.7,27.8,27.5,27.7,28.4,29.5,30.5,31.2,31.5,31.0,30.0,28.3,26.2,23.8,21.6,19.6,18.0,16.8,16.0,15.5,15.1,14.9,14.8,14.6,14.4,14.2,14.0,13.8,13.5,13.3,0.0
112,Madagascar,MDG,"Mortality rate, infant (per 1,000 live births)",SP.DYN.IMRT.IN,0.0,0.0,0.0,0.0,0.0,0.0,0.0,0.0,90.9,91.7,92.6,93.6,94.8,96.1,97.6,99.1,100.4,101.7,102.8,103.8,105.1,106.7,108.2,109.2,109.5,109.1,108.0,106.0,103.4,100.6,97.7,95.0,92.4,90.0,87.7,85.1,82.2,79.0,75.5,71.9,68.5,65.2,62.1,59.3,56.6,54.0,51.7,49.4,47.1,45.0,42.9,40.9,39.0,37.4,36.1,34.9,33.7,32.7,0.0
113,Maldives,MDV,"Mortality rate, infant (per 1,000 live births)",SP.DYN.IMRT.IN,0.0,0.0,0.0,0.0,210.0,204.2,198.2,192.3,186.4,180.3,173.9,167.2,159.9,152.1,144.6,137.2,130.3,123.8,117.6,112.0,106.7,101.8,97.2,92.8,88.7,84.8,81.1,77.6,74.2,71.0,68.0,65.1,62.2,59.2,56.2,53.0,49.7,46.2,42.6,38.9,35.1,31.4,27.9,24.7,22.3,19.3,17.1,15.3,13.7,12.4,11.2,10.2,9.3,8.6,8.0,7.5,7.1,6.8,0.0
114,Mexico,MEX,"Mortality rate, infant (per 1,000 live births)",SP.DYN.IMRT.IN,103.1,99.1,95.7,92.7,90.1,87.8,85.7,83.6,81.5,79.1,76.7,74.3,71.9,69.6,67.5,65.6,63.7,61.7,59.6,57.4,55.0,52.6,50.2,48.0,46.1,44.3,42.6,41.0,39.5,37.9,36.3,34.8,33.2,31.8,30.4,29.0,27.7,26.3,25.0,23.7,22.5,21.3,20.3,19.3,18.4,17.6,16.9,16.3,15.8,15.3,14.9,14.5,14.1,13.7,13.2,12.7,12.2,11.5,0.0
115,Marshall Islands,MHL,"Mortality rate, infant (per 1,000 live births)",SP.DYN.IMRT.IN,85.9,82.2,78.9,75.7,72.8,70.2,67.7,65.4,63.1,60.9,58.8,56.8,55.2,53.9,52.9,52.2,51.7,51.3,50.8,50.3,49.7,49.0,48.1,47.1,46.0,44.9,43.8,42.6,41.4,40.0,38.7,37.4,36.1,35.0,34.0,33.4,33.0,32.8,32.9,32.9,32.9,32.9,32.8,32.7,32.5,32.3,32.2,32.0,31.8,31.7,31.6,31.4,31.1,30.6,30.0,29.4,28.7,28.0,0.0
116,North Macedonia,MKD,"Mortality rate, infant (per 1,000 live births)",SP.DYN.IMRT.IN,0.0,0.0,0.0,0.0,0.0,0.0,0.0,0.0,0.0,0.0,0.0,0.0,0.0,0.0,0.0,0.0,0.0,0.0,0.0,0.0,0.0,51.7,50.0,48.1,46.2,45.0,44.1,42.7,39.6,36.0,33.1,31.6,30.1,27.8,25.0,22.1,19.6,17.6,16.1,15.1,14.3,13.6,13.0,12.6,12.4,12.2,11.6,10.9,10.2,9.6,9.2,9.1,9.2,9.5,10.0,10.7,11.4,12.0,0.0
117,Mali,MLI,"Mortality rate, infant (per 1,000 live births)",SP.DYN.IMRT.IN,0.0,0.0,0.0,213.6,210.1,206.6,203.3,200.6,198.2,196.1,194.2,192.3,189.9,187.3,184.0,180.3,176.3,172.2,168.2,164.5,160.9,157.5,153.9,150.3,146.8,143.5,140.4,137.5,134.9,132.4,130.1,128.2,126.7,125.5,124.7,123.9,123.1,122.0,120.5,118.3,115.3,111.7,107.7,103.3,98.9,94.6,90.7,87.3,84.3,81.6,79.1,76.9,74.7,72.8,71.0,69.2,67.4,65.8,0.0
118,Malta,MLT,"Mortality rate, infant (per 1,000 live births)",SP.DYN.IMRT.IN,36.3,34.9,33.7,32.6,31.6,30.6,29.6,28.4,27.2,26.0,24.8,23.5,22.4,21.2,20.1,19.0,18.0,17.2,16.4,15.7,15.0,14.4,13.8,13.3,12.7,12.2,11.7,11.2,10.8,10.4,10.0,9.7,9.3,9.0,8.7,8.3,8.0,7.7,7.3,7.0,6.8,6.6,6.4,6.3,6.2,6.1,6.0,5.9,5.9,5.9,5.8,5.8,5.8,5.8,5.8,5.7,5.7,5.6,0.0
119,Myanmar,MMR,"Mortality rate, infant (per 1,000 live births)",SP.DYN.IMRT.IN,0.0,0.0,0.0,0.0,0.0,0.0,0.0,0.0,122.5,120.5,118.5,116.5,114.4,112.4,110.4,108.1,106.0,103.9,101.7,99.7,97.8,96.0,94.2,92.6,91.0,89.5,88.0,86.6,85.1,83.6,81.9,80.2,78.5,76.8,75.1,73.4,71.8,70.1,68.5,67.0,65.5,64.0,62.4,60.8,59.2,57.6,55.9,54.2,56.8,50.8,49.0,47.3,45.6,44.1,42.5,41.1,39.9,38.5,0.0
120,Montenegro,MNE,"Mortality rate, infant (per 1,000 live births)",SP.DYN.IMRT.IN,0.0,0.0,0.0,0.0,0.0,0.0,0.0,0.0,0.0,0.0,0.0,0.0,0.0,0.0,0.0,0.0,0.0,0.0,0.0,0.0,0.0,0.0,0.0,0.0,24.1,21.9,20.0,18.3,16.8,15.7,14.8,14.2,13.9,13.7,13.7,13.6,13.6,13.5,13.4,13.2,12.7,12.3,11.7,11.0,10.3,9.6,8.9,8.2,7.5,6.7,6.2,5.6,5.1,4.6,4.2,3.8,3.5,3.2,0.0
121,Mongolia,MNG,"Mortality rate, infant (per 1,000 live births)",SP.DYN.IMRT.IN,0.0,0.0,0.0,0.0,0.0,0.0,0.0,0.0,0.0,0.0,0.0,0.0,0.0,0.0,0.0,0.0,0.0,0.0,117.9,114.2,110.5,107.0,103.8,100.6,97.3,93.9,90.4,86.9,83.4,80.1,76.9,74.0,71.3,68.8,66.2,63.6,60.9,58.1,55.1,52.1,48.9,45.7,42.5,39.4,36.4,33.7,31.0,28.6,26.3,24.1,22.2,20.5,19.1,17.9,16.9,16.1,15.4,14.8,0.0
122,Mozambique,MOZ,"Mortality rate, infant (per 1,000 live births)",SP.DYN.IMRT.IN,0.0,0.0,0.0,0.0,0.0,181.1,181.8,182.4,182.8,182.7,182.4,181.8,180.9,179.9,178.9,177.8,176.8,175.9,175.3,174.7,174.5,174.2,173.5,172.6,171.1,169.4,167.5,165.5,163.6,161.5,159.4,157.1,154.4,151.2,147.4,143.0,137.7,131.7,125.4,119.3,113.3,107.6,102.3,97.4,92.9,88.7,84.6,79.9,76.5,72.8,70.7,66.9,63.5,60.9,58.9,57.0,55.2,53.3,0.0
123,Mauritania,MRT,"Mortality rate, infant (per 1,000 live births)",SP.DYN.IMRT.IN,129.9,127.0,124.2,121.4,118.7,115.9,113.1,110.4,107.8,105.8,104.4,103.5,103.1,102.8,102.3,101.5,100.2,98.5,96.5,94.4,92.4,90.4,88.3,86.1,83.8,81.2,78.7,76.4,74.4,72.8,71.6,70.8,70.2,69.9,69.8,69.8,69.8,69.9,69.9,69.8,69.7,69.6,69.4,69.1,68.7,68.0,67.1,66.0,64.8,63.6,62.4,61.0,59.7,58.4,57.0,55.8,54.5,53.3,0.0
124,Mauritius,MUS,"Mortality rate, infant (per 1,000 live births)",SP.DYN.IMRT.IN,68.4,66.3,63.3,60.0,58.0,59.6,65.2,69.9,67.8,61.8,58.2,59.0,60.5,58.7,54.0,48.5,43.7,39.7,36.7,34.3,32.2,30.1,28.0,25.9,24.3,23.7,24.1,24.3,23.3,21.4,19.8,18.7,18.4,18.4,18.8,19.4,19.9,19.8,19.1,17.8,16.3,15.1,14.2,13.8,13.7,13.9,14.1,14.2,13.9,13.6,13.2,13.2,13.1,13.1,13.0,12.8,12.2,11.6,0.0
125,Malawi,MWI,"Mortality rate, infant (per 1,000 live births)",SP.DYN.IMRT.IN,0.0,0.0,0.0,0.0,0.0,211.8,210.4,209.1,207.6,205.7,203.1,199.7,195.4,190.5,185.1,179.4,173.5,167.6,161.2,155.3,149.9,145.8,143.3,142.8,143.7,145.2,146.3,146.5,145.0,142.1,138.2,133.7,129.1,124.9,121.2,118.1,115.8,113.5,110.6,106.5,101.1,94.4,87.1,80.2,74.0,69.2,65.8,63.4,60.5,58.4,56.2,52.9,49.2,46.4,44.1,42.0,40.2,38.5,0.0
126,Malaysia,MYS,"Mortality rate, infant (per 1,000 live births)",SP.DYN.IMRT.IN,67.2,63.3,59.5,56.1,53.1,50.5,48.3,46.3,44.6,43.2,41.8,40.5,39.1,37.6,36.0,34.2,32.4,30.5,28.8,27.0,25.3,23.7,22.2,20.8,19.5,18.4,17.4,16.5,15.6,14.9,14.3,13.6,13.0,12.4,11.9,11.5,11.1,10.7,10.1,9.4,8.7,8.1,7.6,7.3,7.1,7.0,6.9,6.8,6.7,6.6,6.6,6.5,6.4,6.4,6.4,6.5,6.6,6.7,0.0
127,Namibia,NAM,"Mortality rate, infant (per 1,000 live births)",SP.DYN.IMRT.IN,0.0,0.0,0.0,0.0,0.0,0.0,0.0,62.6,62.8,63.0,63.3,63.7,64.0,64.2,64.5,64.7,64.9,65.0,64.9,64.6,64.0,63.0,61.8,60.3,58.6,56.9,55.0,53.3,51.7,50.3,49.0,48.0,47.3,46.8,46.7,46.7,46.9,47.2,47.5,47.7,47.9,47.7,47.3,46.8,45.7,42.7,40.7,39.5,39.1,39.5,38.2,37.9,38.2,37.0,36.1,34.8,32.7,31.8,0.0
128,Niger,NER,"Mortality rate, infant (per 1,000 live births)",SP.DYN.IMRT.IN,0.0,0.0,0.0,0.0,0.0,0.0,0.0,126.8,128.2,129.6,131.1,132.4,133.7,134.6,135.0,134.8,134.0,132.6,131.1,129.8,128.9,128.8,129.4,130.7,132.2,133.6,134.7,135.1,134.7,133.7,132.0,129.7,126.7,123.3,119.2,114.9,110.5,106.6,103.0,99.8,96.5,93.2,89.6,85.7,81.9,78.1,74.5,71.1,68.0,65.1,62.4,59.9,57.6,55.5,53.5,51.6,49.9,48.3,0.0
129,Nigeria,NGA,"Mortality rate, infant (per 1,000 live births)",SP.DYN.IMRT.IN,0.0,0.0,0.0,0.0,193.7,189.4,185.2,181.1,176.9,172.7,168.2,163.4,158.6,153.6,148.7,144.0,139.5,135.4,131.8,128.9,126.6,124.9,123.9,123.5,123.5,123.9,124.5,125.0,125.4,125.7,125.6,125.4,125.0,124.5,123.9,122.9,121.4,119.5,117.1,114.5,111.6,108.6,105.6,102.5,99.4,96.2,93.0,89.9,86.8,83.9,81.0,78.3,75.7,73.3,71.0,68.7,66.6,64.6,0.0
130,Nicaragua,NIC,"Mortality rate, infant (per 1,000 live births)",SP.DYN.IMRT.IN,133.0,131.7,130.4,129.1,127.6,126.1,124.4,122.6,120.6,118.6,116.3,113.7,110.8,107.5,103.9,99.8,95.4,90.8,86.1,81.6,77.2,73.2,69.5,66.2,63.3,60.8,58.6,56.6,54.7,52.8,50.9,48.9,46.8,44.7,42.7,40.7,38.7,36.8,36.1,33.1,31.5,29.9,28.4,27.0,25.7,24.5,23.3,22.2,21.1,20.1,19.2,18.4,17.7,17.0,16.4,15.9,15.3,14.8,0.0
131,Netherlands,NLD,"Mortality rate, infant (per 1,000 live births)",SP.DYN.IMRT.IN,16.5,16.1,15.7,15.3,14.9,14.5,14.1,13.8,13.4,12.9,12.4,12.0,11.5,11.1,10.7,10.3,9.9,9.6,9.3,9.0,8.8,8.6,8.4,8.2,8.1,7.9,7.7,7.5,7.3,7.1,6.8,6.6,6.3,6.1,5.9,5.7,5.5,5.4,5.3,5.2,5.1,5.0,4.9,4.8,4.6,4.4,4.3,4.1,4.0,3.8,3.7,3.6,3.6,3.5,3.5,3.4,3.4,3.3,0.0
132,Norway,NOR,"Mortality rate, infant (per 1,000 live births)",SP.DYN.IMRT.IN,18.4,18.0,17.5,17.1,16.6,16.0,15.4,14.8,14.2,13.7,13.1,12.7,12.2,11.6,11.0,10.5,9.9,9.3,8.8,8.4,8.2,8.0,8.0,8.1,8.2,8.3,8.3,8.2,7.9,7.5,7.0,6.4,5.8,5.3,4.9,4.6,4.4,4.2,4.1,4.0,4.0,3.8,3.6,3.6,3.4,3.2,3.2,3.0,2.8,2.7,2.6,2.5,2.4,2.3,2.3,2.2,2.1,2.1,0.0
133,Nepal,NPL,"Mortality rate, infant (per 1,000 live births)",SP.DYN.IMRT.IN,216.5,213.8,210.4,206.6,202.4,198.0,193.5,189.0,184.5,180.2,176.3,172.5,168.8,165.2,161.6,158.2,154.7,151.0,147.2,143.4,139.4,135.5,131.5,127.5,123.4,119.2,115.1,110.8,106.5,102.0,97.5,93.1,88.8,84.6,80.7,76.9,73.3,69.8,66.5,63.3,60.2,57.3,54.6,52.1,49.6,47.3,45.2,43.1,41.1,39.3,37.5,35.8,34.2,32.6,31.2,29.9,28.8,27.8,0.0
134,Nauru,NRU,"Mortality rate, infant (per 1,000 live births)",SP.DYN.IMRT.IN,0.0,0.0,0.0,0.0,0.0,0.0,0.0,0.0,0.0,0.0,0.0,0.0,0.0,0.0,0.0,0.0,0.0,0.0,0.0,0.0,0.0,0.0,0.0,0.0,0.0,54.4,52.6,50.9,49.2,47.5,46.0,44.4,42.9,41.4,40.1,38.7,37.5,36.4,35.3,34.3,33.4,32.6,32.1,31.6,31.4,31.3,31.4,31.6,31.8,31.8,31.6,31.2,30.7,30.1,29.4,28.8,28.1,27.3,0.0
135,New Zealand,NZL,"Mortality rate, infant (per 1,000 live births)",SP.DYN.IMRT.IN,22.6,21.8,20.9,20.0,19.3,18.7,18.3,17.9,17.5,17.2,16.9,16.5,16.1,15.8,15.4,14.9,14.4,13.9,13.5,13.1,12.7,12.4,12.1,11.9,11.5,11.3,11.0,10.6,10.2,9.7,9.2,8.7,8.2,7.8,7.5,7.1,6.9,6.7,6.4,6.2,6.1,5.9,5.8,5.7,5.5,5.4,5.4,5.3,5.3,5.2,5.1,5.0,5.0,4.9,4.7,4.6,4.5,4.4,0.0
136,Oman,OMN,"Mortality rate, infant (per 1,000 live births)",SP.DYN.IMRT.IN,0.0,0.0,224.8,214.6,204.9,195.9,186.7,177.8,168.9,160.3,152.0,144.0,136.5,128.8,121.3,114.0,106.8,99.7,92.4,85.4,78.6,72.2,66.1,60.2,54.9,50.0,45.5,41.5,37.9,34.7,31.8,29.2,26.7,24.4,22.4,20.6,19.0,17.6,16.3,15.2,14.2,13.3,12.5,11.9,11.4,11.0,10.7,10.4,10.2,10.1,10.0,9.9,9.8,9.7,9.6,9.6,9.7,9.7,0.0
137,Pakistan,PAK,"Mortality rate, infant (per 1,000 live births)",SP.DYN.IMRT.IN,189.8,183.3,177.3,171.6,166.4,161.6,157.3,153.4,150.0,146.9,144.1,141.5,139.0,136.7,134.6,132.6,130.7,129.0,127.3,125.7,124.0,122.4,120.7,119.0,117.2,115.4,113.5,111.7,109.9,108.1,106.4,104.6,102.8,101.1,99.3,97.4,95.5,93.6,91.7,89.8,87.9,86.1,84.4,82.8,81.3,79.8,78.4,76.9,75.6,74.2,72.8,71.3,69.7,68.1,66.4,64.6,62.9,61.2,0.0
138,Panama,PAN,"Mortality rate, infant (per 1,000 live births)",SP.DYN.IMRT.IN,65.8,64.0,62.3,60.6,59.1,57.6,56.2,54.8,53.4,51.8,50.1,48.1,46.0,44.0,42.1,40.5,39.0,37.8,36.8,35.9,34.9,33.8,32.8,31.7,30.6,29.6,28.7,27.8,27.0,26.2,25.6,25.0,24.5,24.1,23.8,23.5,23.3,23.0,22.7,22.4,22.0,21.6,21.1,20.6,20.1,19.6,19.2,18.7,18.2,17.7,17.2,16.7,16.2,15.7,15.3,14.8,14.3,13.9,0.0
139,Peru,PER,"Mortality rate, infant (per 1,000 live births)",SP.DYN.IMRT.IN,135.6,132.4,129.0,125.5,121.9,118.3,114.9,111.8,108.9,106.3,103.8,101.3,98.7,96.2,93.7,91.4,89.3,87.5,86.0,84.5,82.9,81.2,79.3,76.9,74.2,71.3,68.2,65.1,62.2,59.5,57.0,54.3,51.7,48.9,46.0,43.1,40.2,37.4,34.6,32.0,29.6,27.5,25.5,23.8,22.2,20.8,19.6,18.5,17.5,16.6,15.8,15.1,14.4,13.7,13.1,12.6,12.1,11.6,0.0
140,Philippines,PHL,"Mortality rate, infant (per 1,000 live births)",SP.DYN.IMRT.IN,66.1,64.3,62.8,61.5,60.3,59.2,58.2,57.3,56.5,55.8,55.2,54.9,54.6,54.5,54.5,54.4,54.4,54.2,54.0,53.6,53.2,52.6,52.0,51.4,50.5,49.4,48.0,46.3,44.4,42.5,40.5,38.6,37.0,35.5,34.3,33.2,32.2,31.4,30.7,30.0,29.4,28.8,28.2,27.6,27.0,26.5,26.1,25.6,25.2,24.9,24.5,24.2,23.9,23.6,23.3,23.0,22.7,22.2,0.0
141,Palau,PLW,"Mortality rate, infant (per 1,000 live births)",SP.DYN.IMRT.IN,0.0,0.0,0.0,0.0,0.0,0.0,0.0,0.0,0.0,0.0,0.0,0.0,0.0,0.0,0.0,0.0,0.0,0.0,0.0,0.0,0.0,0.0,0.0,0.0,35.3,34.5,33.8,33.1,32.5,31.7,31.0,30.2,29.5,28.7,27.9,27.0,26.2,25.3,24.4,23.6,22.7,22.0,21.2,20.5,19.9,19.2,18.7,18.1,17.5,17.0,16.5,16.0,15.4,14.9,14.5,14.0,13.6,13.2,0.0
142,Papua New Guinea,PNG,"Mortality rate, infant (per 1,000 live births)",SP.DYN.IMRT.IN,133.9,129.9,126.0,122.1,118.4,114.9,111.5,108.2,104.9,101.7,98.6,95.7,92.9,90.2,87.7,85.3,83.0,81.0,79.0,77.2,75.6,74.0,72.5,71.2,69.9,68.7,67.7,66.8,65.9,65.0,64.1,63.2,62.5,61.7,61.0,60.3,59.7,59.2,58.7,58.3,57.8,57.4,56.9,56.5,56.1,55.5,54.8,54.0,52.9,51.8,50.6,49.4,48.3,46.9,45.7,44.4,43.1,41.8,0.0
143,Poland,POL,"Mortality rate, infant (per 1,000 live births)",SP.DYN.IMRT.IN,57.9,53.0,49.6,46.8,43.7,40.6,38.0,36.0,34.4,33.3,32.1,30.6,28.7,26.9,25.5,24.6,23.8,23.1,22.4,21.8,21.1,20.5,20.0,19.2,18.6,17.8,17.2,16.6,16.0,15.6,15.1,14.8,14.4,14.0,13.3,12.5,11.6,10.4,9.4,8.6,8.1,7.6,7.3,7.0,6.7,6.6,6.3,6.0,5.8,5.4,5.2,4.8,4.6,4.5,4.3,4.2,4.1,4.0,0.0
144,"Korea, Dem. Peoples Rep.",PRK,"Mortality rate, infant (per 1,000 live births)",SP.DYN.IMRT.IN,0.0,0.0,0.0,0.0,0.0,0.0,0.0,0.0,0.0,0.0,0.0,0.0,0.0,0.0,0.0,0.0,0.0,0.0,0.0,0.0,0.0,0.0,0.0,0.0,0.0,27.7,27.4,27.8,28.9,30.7,33.4,36.9,41.1,45.5,49.8,53.2,55.1,55.0,53.1,49.4,44.5,39.1,34.2,30.4,27.8,26.4,26.0,25.7,25.2,24.4,23.1,21.5,19.8,18.3,17.0,16.0,15.1,14.4,0.0
145,Portugal,PRT,"Mortality rate, infant (per 1,000 live births)",SP.DYN.IMRT.IN,84.4,82.1,78.8,74.6,70.1,66.3,63.6,61.6,60.1,58.4,55.7,51.7,47.3,43.3,39.5,36.0,32.6,29.5,26.8,24.6,22.8,21.2,19.9,18.7,17.6,16.5,15.5,14.5,13.5,12.5,11.5,10.6,9.7,8.8,8.1,7.4,7.0,6.6,6.3,5.9,5.5,5.2,4.7,4.3,4.0,3.7,3.4,3.3,3.2,3.2,3.1,3.1,3.0,3.0,3.0,3.0,3.1,3.1,0.0
146,Paraguay,PRY,"Mortality rate, infant (per 1,000 live births)",SP.DYN.IMRT.IN,60.5,60.0,59.6,59.3,59.1,58.9,58.7,58.5,58.3,58.1,57.8,57.4,56.8,56.3,55.6,54.8,53.9,53.0,52.0,50.9,49.7,48.4,47.0,45.6,44.2,42.8,41.4,40.1,38.8,37.5,36.3,35.2,34.0,33.0,32.1,31.2,30.4,29.8,29.2,28.6,28.0,27.4,26.8,26.3,25.7,25.1,24.5,23.9,23.3,22.6,22.0,21.4,20.8,20.2,19.6,19.0,18.4,17.9,0.0
147,West Bank and Gaza,PSE,"Mortality rate, infant (per 1,000 live births)",SP.DYN.IMRT.IN,0.0,0.0,0.0,0.0,0.0,0.0,0.0,0.0,0.0,0.0,0.0,0.0,0.0,0.0,0.0,76.9,72.8,69.0,65.4,62.0,58.8,55.9,53.1,50.4,47.9,45.5,43.3,41.1,39.1,37.3,35.7,34.2,32.9,31.7,30.6,29.5,28.5,27.6,26.7,25.9,25.1,24.5,23.9,23.3,22.7,22.2,21.7,21.2,20.7,20.3,19.9,19.6,19.4,19.1,18.9,18.6,18.3,17.9,0.0
148,Qatar,QAT,"Mortality rate, infant (per 1,000 live births)",SP.DYN.IMRT.IN,0.0,0.0,0.0,0.0,0.0,0.0,0.0,0.0,0.0,53.6,50.5,47.6,44.8,42.3,40.0,37.8,35.9,34.2,32.6,31.1,29.7,28.5,27.3,26.1,24.9,23.7,22.5,21.3,20.1,19.0,17.8,16.7,15.6,14.7,13.9,13.2,12.6,12.1,11.6,11.2,10.8,10.4,10.0,9.6,9.3,8.9,8.6,8.4,8.2,8.0,7.8,7.6,7.4,7.3,7.1,6.9,6.7,6.5,0.0
149,Romania,ROU,"Mortality rate, infant (per 1,000 live births)",SP.DYN.IMRT.IN,0.0,0.0,0.0,52.3,46.5,45.5,49.4,54.5,55.6,52.2,47.1,42.5,39.0,37.2,36.2,35.0,33.1,31.3,30.2,29.5,28.6,27.3,25.8,24.7,24.1,24.6,25.8,27.0,26.9,25.7,24.4,23.4,22.8,22.4,22.2,22.0,21.8,21.4,20.4,19.2,18.3,17.7,17.4,16.9,16.3,15.2,13.7,12.2,11.0,10.2,9.7,9.6,9.4,9.0,8.4,7.8,7.2,6.6,0.0
150,Russian Federation,RUS,"Mortality rate, infant (per 1,000 live births)",SP.DYN.IMRT.IN,0.0,0.0,0.0,0.0,0.0,0.0,0.0,0.0,0.0,0.0,31.2,29.9,28.8,27.7,26.7,25.8,25.1,24.5,24.0,23.6,23.2,22.8,22.4,22.0,21.6,21.1,20.5,19.9,19.2,18.8,18.5,18.4,18.5,18.7,18.8,18.7,18.5,18.2,17.8,17.2,16.6,15.8,14.8,13.9,12.9,11.9,11.1,10.3,9.7,9.2,8.9,8.7,8.4,8.1,7.8,7.3,6.9,6.5,0.0
151,Rwanda,RWA,"Mortality rate, infant (per 1,000 live births)",SP.DYN.IMRT.IN,131.1,128.7,126.9,125.6,124.9,124.7,125.0,126.0,127.3,128.9,130.7,132.6,135.1,138.2,141.7,145.0,147.3,147.2,143.6,136.7,128.2,119.3,111.3,105.1,100.7,97.3,94.7,92.7,91.5,91.2,92.6,95.7,100.3,106.9,124.8,116.6,110.8,114.9,116.9,110.4,107.7,101.0,93.2,85.0,76.6,69.1,62.6,56.9,52.2,48.2,44.5,40.4,37.5,35.0,33.0,31.4,30.1,28.9,0.0
152,South Asia,SAS,"Mortality rate, infant (per 1,000 live births)",SP.DYN.IMRT.IN,0.0,0.0,0.0,0.0,0.0,0.0,0.0,0.0,0.0,0.0,0.0,0.0,0.0,0.0,0.0,0.0,0.0,0.0,0.0,0.0,0.0,0.0,0.0,0.0,0.0,0.0,0.0,0.0,0.0,0.0,91.7,89.4,87.1,84.9,82.7,80.5,78.2,75.9,73.5,71.2,68.9,66.6,64.4,62.3,60.3,58.3,56.3,54.4,52.5,50.6,48.7,46.8,45.0,43.1,41.3,39.6,37.9,36.4,0.0
153,Saudi Arabia,SAU,"Mortality rate, infant (per 1,000 live births)",SP.DYN.IMRT.IN,0.0,0.0,0.0,0.0,0.0,0.0,0.0,0.0,0.0,0.0,0.0,0.0,109.3,103.2,97.2,91.8,86.6,81.7,77.0,72.7,68.5,64.5,60.7,57.1,53.8,50.5,47.3,44.2,41.2,38.3,35.6,33.2,30.9,28.9,27.0,25.3,23.8,22.3,21.0,19.8,18.7,17.7,16.7,15.8,15.0,14.2,13.4,12.6,11.8,11.1,10.3,9.6,9.0,8.4,7.8,7.2,6.7,6.3,0.0
154,Sudan,SDN,"Mortality rate, infant (per 1,000 live births)",SP.DYN.IMRT.IN,106.1,104.7,103.2,101.8,100.6,99.3,98.3,97.4,96.5,95.8,95.3,94.8,94.3,93.9,93.4,92.8,92.2,91.6,91.1,90.5,90.0,89.5,89.0,88.5,87.9,87.2,86.4,85.4,84.4,83.3,82.1,80.9,79.7,78.4,77.0,75.6,74.1,72.5,70.9,69.1,67.2,65.3,63.4,61.6,59.8,58.2,56.6,55.1,53.8,52.5,51.4,50.2,49.2,48.1,47.0,45.9,44.8,43.7,0.0
155,Senegal,SEN,"Mortality rate, infant (per 1,000 live births)",SP.DYN.IMRT.IN,127.7,127.7,127.8,128.0,128.2,128.3,128.2,127.8,127.2,126.3,124.9,123.1,120.8,118.2,115.2,111.8,108.0,104.3,100.7,97.5,94.7,92.3,90.1,87.9,85.6,82.9,79.9,77.1,74.6,72.5,71.2,70.5,70.4,70.6,71.0,71.4,71.7,71.7,71.2,70.2,68.4,65.9,63.0,59.9,56.9,54.0,51.3,48.9,46.6,44.6,42.7,40.9,39.3,37.7,36.3,34.9,33.8,32.7,0.0
156,Singapore,SGP,"Mortality rate, infant (per 1,000 live births)",SP.DYN.IMRT.IN,35.6,32.9,30.9,29.3,28.3,27.3,26.3,25.2,24.1,23.0,22.0,20.9,19.6,17.8,15.9,14.3,13.1,12.5,12.3,12.2,12.0,11.4,10.7,10.0,9.4,8.8,8.4,7.9,7.3,6.7,6.2,5.5,5.0,4.6,4.2,3.9,3.8,3.6,3.4,3.2,3.0,2.8,2.7,2.5,2.3,2.3,2.3,2.3,2.2,2.2,2.2,2.2,2.2,2.1,2.1,2.1,2.2,2.2,0.0
157,Solomon Islands,SLB,"Mortality rate, infant (per 1,000 live births)",SP.DYN.IMRT.IN,126.1,120.2,114.8,109.8,104.7,100.0,95.1,90.1,85.1,80.0,74.9,70.1,65.7,61.6,57.9,54.5,51.4,48.5,45.9,43.6,41.7,40.0,38.6,37.3,36.1,35.1,34.2,33.4,32.6,31.9,31.2,30.5,29.8,29.0,28.3,27.6,27.0,26.5,26.1,25.6,25.2,24.9,24.7,24.4,24.2,24.0,23.7,23.2,22.8,22.2,21.7,21.0,20.4,19.8,19.2,18.7,18.1,17.6,0.0
158,Sierra Leone,SLE,"Mortality rate, infant (per 1,000 live births)",SP.DYN.IMRT.IN,222.4,219.3,216.1,212.8,209.5,206.1,202.6,199.3,196.1,192.9,189.7,186.9,184.3,181.6,178.9,176.4,174.1,171.9,170.0,167.9,166.1,164.5,163.0,161.7,160.4,159.2,158.2,157.3,156.6,155.9,155.4,154.9,154.4,153.9,153.1,152.0,150.6,148.8,146.7,144.4,142.0,139.5,136.8,133.9,130.9,127.8,124.4,120.8,116.9,112.7,108.4,104.1,99.8,95.8,91.8,88.1,84.7,81.7,0.0
159,El Salvador,SLV,"Mortality rate, infant (per 1,000 live births)",SP.DYN.IMRT.IN,124.8,122.4,120.1,118.0,116.0,114.1,112.2,110.4,108.5,106.6,104.8,102.9,100.9,98.6,96.2,93.6,90.7,87.7,84.5,81.1,77.6,73.9,70.1,66.4,62.8,59.5,56.3,53.5,50.8,48.4,46.1,43.9,41.8,39.8,37.7,35.7,33.8,32.0,30.2,28.7,27.2,25.8,24.6,23.4,22.2,21.1,20.1,19.1,18.2,17.4,16.6,15.8,15.1,14.5,13.9,13.4,12.9,12.5,0.0
160,San Marino,SMR,"Mortality rate, infant (per 1,000 live births)",SP.DYN.IMRT.IN,0.0,0.0,0.0,0.0,0.0,0.0,0.0,0.0,0.0,0.0,0.0,0.0,0.0,0.0,0.0,0.0,0.0,0.0,0.0,0.0,0.0,0.0,0.0,0.0,13.8,13.0,12.2,11.5,10.8,10.2,9.6,9.0,8.5,8.0,7.5,7.1,6.7,6.3,5.9,5.6,5.2,4.9,4.7,4.4,4.1,3.9,3.7,3.5,3.3,3.1,2.9,2.7,2.6,2.4,2.3,2.2,2.1,2.0,0.0
161,Somalia,SOM,"Mortality rate, infant (per 1,000 live births)",SP.DYN.IMRT.IN,0.0,0.0,0.0,0.0,0.0,0.0,0.0,0.0,0.0,0.0,0.0,0.0,0.0,0.0,0.0,0.0,0.0,0.0,0.0,0.0,0.0,0.0,0.0,115.5,114.4,113.5,112.8,112.1,111.2,110.0,108.2,106.5,105.2,104.7,104.7,104.7,104.7,104.7,104.7,104.7,104.7,104.7,104.7,104.7,104.7,104.7,104.3,103.2,101.4,99.3,96.9,94.1,91.6,89.0,86.6,84.3,82.1,79.7,0.0
162,Serbia,SRB,"Mortality rate, infant (per 1,000 live births)",SP.DYN.IMRT.IN,0.0,0.0,0.0,0.0,0.0,0.0,0.0,0.0,0.0,0.0,0.0,0.0,0.0,0.0,0.0,0.0,0.0,0.0,0.0,0.0,0.0,0.0,0.0,0.0,34.4,33.4,32.5,31.3,29.1,26.6,24.3,22.5,21.1,19.9,18.7,16.9,15.0,13.3,12.1,11.4,10.9,10.5,10.0,9.2,8.4,7.7,7.3,7.0,6.9,6.8,6.6,6.5,6.2,6.0,5.8,5.5,5.2,5.0,0.0
163,South Sudan,SSD,"Mortality rate, infant (per 1,000 live births)",SP.DYN.IMRT.IN,0.0,0.0,0.0,0.0,0.0,0.0,0.0,0.0,0.0,0.0,0.0,0.0,0.0,0.0,0.0,0.0,0.0,0.0,0.0,175.3,173.4,171.5,169.7,167.6,165.8,163.6,161.1,158.4,155.6,152.9,150.0,146.9,143.7,140.2,136.4,132.4,128.5,124.3,119.7,114.8,109.9,104.8,100.0,95.3,90.9,86.6,82.6,78.9,75.3,71.8,68.5,65.7,63.7,62.8,62.5,62.5,62.5,62.5,0.0
164,Sub-Saharan Africa,SSF,"Mortality rate, infant (per 1,000 live births)",SP.DYN.IMRT.IN,0.0,0.0,0.0,0.0,0.0,0.0,0.0,0.0,0.0,0.0,0.0,0.0,0.0,0.0,0.0,0.0,0.0,0.0,0.0,0.0,0.0,0.0,0.0,0.0,0.0,0.0,0.0,0.0,0.0,0.0,107.8,106.9,106.0,105.1,104.2,102.8,101.3,99.7,97.7,95.5,93.0,90.2,87.3,84.3,81.3,78.3,75.5,72.8,70.1,67.5,65.1,62.8,60.6,58.5,56.7,54.9,53.1,51.5,0.0
165,Sao Tome and Principe,STP,"Mortality rate, infant (per 1,000 live births)",SP.DYN.IMRT.IN,0.0,0.0,0.0,0.0,0.0,63.2,61.2,59.5,58.1,57.2,56.8,56.8,57.0,57.4,57.8,58.1,58.3,58.5,58.6,58.9,59.4,60.1,60.9,62.0,63.3,64.6,65.8,66.9,67.9,68.7,69.4,69.8,69.8,69.5,68.7,67.4,65.7,63.6,61.2,58.7,56.0,53.3,50.5,47.8,45.4,43.0,40.8,38.8,36.9,35.2,33.5,31.9,30.5,29.2,28.1,27.1,26.1,25.2,0.0
166,Suriname,SUR,"Mortality rate, infant (per 1,000 live births)",SP.DYN.IMRT.IN,0.0,0.0,0.0,0.0,0.0,0.0,0.0,0.0,0.0,0.0,0.0,0.0,0.0,0.0,0.0,0.0,0.0,0.0,0.0,0.0,0.0,0.0,0.0,48.4,47.2,46.1,45.1,44.1,43.1,42.0,40.9,39.9,38.8,37.7,36.6,35.5,34.4,33.3,32.2,31.2,30.2,29.2,28.3,27.3,26.5,25.6,24.8,24.0,23.3,22.5,21.9,21.2,20.5,19.8,19.2,18.7,18.1,17.5,0.0
167,Slovak Republic,SVK,"Mortality rate, infant (per 1,000 live births)",SP.DYN.IMRT.IN,0.0,0.0,0.0,0.0,0.0,0.0,0.0,0.0,0.0,0.0,0.0,0.0,0.0,0.0,0.0,0.0,0.0,0.0,0.0,0.0,0.0,18.9,18.1,17.3,16.5,15.8,15.1,14.4,13.8,13.2,12.6,12.1,11.5,11.1,10.6,10.2,9.7,9.3,8.9,8.6,8.2,7.9,7.6,7.3,7.1,6.8,6.6,6.4,6.1,6.0,5.8,5.6,5.5,5.3,5.1,5.0,4.8,4.6,0.0
168,Slovenia,SVN,"Mortality rate, infant (per 1,000 live births)",SP.DYN.IMRT.IN,0.0,0.0,0.0,0.0,0.0,0.0,0.0,0.0,0.0,0.0,0.0,0.0,0.0,0.0,0.0,0.0,0.0,0.0,0.0,0.0,0.0,15.5,14.6,13.8,13.0,12.3,11.5,10.8,10.1,9.4,8.8,8.2,7.7,7.2,6.7,6.3,5.9,5.5,5.2,4.9,4.6,4.4,4.1,3.9,3.7,3.5,3.3,3.1,2.9,2.8,2.6,2.4,2.3,2.2,2.0,1.9,1.8,1.7,0.0
169,Sweden,SWE,"Mortality rate, infant (per 1,000 live births)",SP.DYN.IMRT.IN,16.3,16.0,15.6,15.0,14.3,13.7,13.0,12.5,12.1,11.7,11.3,10.9,10.4,9.8,9.3,8.7,8.3,7.9,7.6,7.3,7.1,6.9,6.8,6.6,6.5,6.4,6.3,6.2,6.1,6.1,5.9,5.5,5.2,4.8,4.4,4.0,3.8,3.6,3.5,3.4,3.4,3.4,3.3,3.2,3.1,3.0,2.8,2.7,2.6,2.6,2.5,2.5,2.5,2.4,2.4,2.4,2.4,2.3,0.0
170,Eswatini,SWZ,"Mortality rate, infant (per 1,000 live births)",SP.DYN.IMRT.IN,142.7,141.2,139.5,137.5,135.1,132.5,130.0,127.5,125.2,123.0,120.4,117.6,114.2,110.3,106.0,101.5,97.3,93.4,89.8,86.3,82.7,79.0,75.1,71.0,66.8,62.9,59.4,56.4,54.2,52.7,52.0,52.4,53.8,56.4,60.0,64.1,68.2,72.0,75.4,78.2,80.3,81.9,82.7,82.8,81.7,80.0,72.6,70.6,69.0,64.6,60.6,56.4,51.3,48.7,46.5,42.5,41.2,40.8,0.0
171,Seychelles,SYC,"Mortality rate, infant (per 1,000 live births)",SP.DYN.IMRT.IN,73.2,72.0,70.6,69.2,67.6,65.9,64.0,61.8,59.3,56.8,54.1,51.4,48.6,45.7,42.7,39.7,36.5,33.5,30.6,27.8,25.4,23.2,21.4,19.9,18.7,17.6,16.8,16.1,15.4,14.9,14.4,13.9,13.4,13.0,12.7,12.4,12.1,11.9,11.8,11.7,11.7,11.8,11.8,11.9,12.0,12.0,12.1,12.1,12.2,12.2,12.3,12.3,12.4,12.4,12.4,12.4,12.4,12.2,0.0
172,Syrian Arab Republic,SYR,"Mortality rate, infant (per 1,000 live births)",SP.DYN.IMRT.IN,116.4,111.3,106.4,101.8,97.5,93.2,89.2,85.2,81.4,77.6,74.1,70.6,67.4,64.4,61.5,58.8,56.2,53.7,51.3,49.1,46.9,44.8,42.8,40.9,39.1,37.4,35.9,34.4,33.1,31.7,30.5,29.3,28.1,26.9,25.8,24.7,23.6,22.6,21.7,20.7,19.9,19.0,18.2,17.5,16.8,16.1,15.4,14.8,14.3,13.9,13.8,13.8,14.1,14.1,14.0,14.0,14.1,14.0,0.0
173,Chad,TCD,"Mortality rate, infant (per 1,000 live births)",SP.DYN.IMRT.IN,0.0,0.0,0.0,0.0,0.0,0.0,0.0,0.0,0.0,0.0,0.0,0.0,128.0,127.5,127.0,126.4,125.9,125.2,124.7,124.0,123.3,122.4,121.4,120.3,119.2,118.1,116.9,115.7,114.5,113.3,112.1,110.9,109.8,108.7,107.7,106.8,105.8,104.8,103.6,102.3,100.9,99.4,98.0,96.6,95.1,93.6,92.1,90.4,88.7,87.0,85.2,83.4,81.7,80.1,78.4,76.7,75.0,73.4,0.0
174,Togo,TGO,"Mortality rate, infant (per 1,000 live births)",SP.DYN.IMRT.IN,159.6,156.8,154.0,151.3,148.6,145.9,143.1,140.3,137.6,134.7,131.8,129.2,126.5,123.8,121.2,118.7,116.2,113.7,111.3,109.0,106.8,104.6,102.6,100.6,98.8,97.0,95.4,93.9,92.5,91.3,90.1,89.0,87.9,86.8,85.6,84.3,82.8,81.3,79.6,77.9,76.1,74.2,72.4,70.6,68.8,67.1,65.4,63.8,62.2,60.6,59.0,57.6,56.1,54.7,53.3,51.9,50.5,49.2,0.0
175,Thailand,THA,"Mortality rate, infant (per 1,000 live births)",SP.DYN.IMRT.IN,101.4,98.2,95.0,91.8,88.8,85.8,82.8,79.9,77.0,74.0,71.0,68.2,65.3,62.6,60.0,57.5,55.1,52.9,50.8,48.8,46.8,44.9,43.1,41.3,39.6,38.0,36.4,34.8,33.2,31.7,30.2,28.7,27.4,26.0,24.8,23.6,22.5,21.5,20.5,19.5,18.6,17.7,16.9,16.1,15.3,14.6,13.9,13.2,12.6,12.0,11.4,10.9,10.4,9.9,9.4,9.0,8.5,8.2,0.0
176,Tajikistan,TJK,"Mortality rate, infant (per 1,000 live births)",SP.DYN.IMRT.IN,0.0,0.0,0.0,0.0,0.0,0.0,0.0,0.0,0.0,0.0,0.0,0.0,119.0,115.2,111.6,108.3,105.5,103.4,101.9,101.1,100.4,99.9,99.2,97.9,95.9,93.1,89.9,86.4,83.5,82.2,82.6,84.5,87.4,90.1,91.1,89.9,87.2,83.7,79.7,75.2,70.5,65.6,60.8,56.3,52.2,48.5,45.5,42.8,40.5,38.6,36.9,35.5,34.3,33.2,32.2,31.3,30.3,29.4,0.0
177,Turkmenistan,TKM,"Mortality rate, infant (per 1,000 live births)",SP.DYN.IMRT.IN,0.0,0.0,0.0,0.0,0.0,0.0,0.0,0.0,0.0,0.0,0.0,0.0,0.0,0.0,0.0,0.0,0.0,104.9,101.4,98.0,94.7,91.5,88.3,85.1,82.0,79.0,76.2,73.6,71.3,69.5,68.2,67.6,67.6,67.9,68.4,68.9,69.1,69.0,68.2,67.0,65.5,63.8,62.2,60.6,59.1,57.5,55.9,54.5,53.0,51.4,49.8,48.4,47.1,45.7,44.4,43.0,41.7,40.6,0.0
178,Timor-Leste,TLS,"Mortality rate, infant (per 1,000 live births)",SP.DYN.IMRT.IN,0.0,0.0,0.0,0.0,0.0,0.0,0.0,0.0,0.0,0.0,0.0,0.0,0.0,0.0,0.0,0.0,0.0,0.0,0.0,0.0,0.0,0.0,0.0,0.0,0.0,161.8,154.8,148.2,142.0,136.0,130.5,125.2,120.1,115.3,110.5,105.9,101.4,97.2,93.0,88.9,84.9,81.1,77.2,73.5,69.8,66.2,62.7,59.5,56.6,54.1,52.0,50.0,48.2,46.5,44.9,43.6,42.2,40.8,0.0
179,Tonga,TON,"Mortality rate, infant (per 1,000 live births)",SP.DYN.IMRT.IN,0.0,0.0,0.0,58.6,55.6,52.7,49.9,47.1,44.3,41.7,39.2,37.0,35.0,33.2,31.7,30.2,29.0,27.8,26.6,25.6,24.7,23.9,23.2,22.6,22.1,21.7,21.2,20.7,20.1,19.5,18.8,18.2,17.6,17.0,16.6,16.2,16.0,15.8,15.5,15.3,15.0,14.8,14.5,14.3,14.2,14.2,14.3,14.4,14.5,14.7,14.9,15.0,15.0,14.9,14.7,14.4,14.1,13.7,0.0
180,Trinidad and Tobago,TTO,"Mortality rate, infant (per 1,000 live births)",SP.DYN.IMRT.IN,55.5,53.9,52.2,50.7,49.3,48.1,47.1,46.1,45.2,44.4,43.6,42.8,42.0,41.2,40.4,39.4,38.5,37.5,36.5,35.5,34.6,33.7,32.8,32.1,31.4,30.7,30.2,29.7,29.4,29.0,28.7,28.6,28.4,28.4,28.4,28.4,28.5,28.5,28.6,28.7,28.7,28.8,28.8,28.8,28.9,28.9,28.8,28.8,28.5,28.1,27.6,27.1,26.5,25.8,25.2,24.5,23.8,23.1,0.0
181,Tunisia,TUN,"Mortality rate, infant (per 1,000 live births)",SP.DYN.IMRT.IN,0.0,0.0,181.1,172.5,164.4,156.4,148.6,141.2,134.2,127.4,121.1,115.3,109.8,104.4,98.9,93.4,88.0,82.7,77.7,73.1,69.0,65.3,62.0,59.0,56.2,53.6,51.2,49.1,47.2,45.4,43.9,42.3,40.8,39.2,37.5,35.6,33.8,31.8,29.9,28.1,26.3,24.8,23.3,22.0,20.8,19.6,18.5,17.5,16.6,15.7,14.9,14.2,13.6,13.0,12.5,12.0,11.6,11.2,0.0
182,Turkey,TUR,"Mortality rate, infant (per 1,000 live births)",SP.DYN.IMRT.IN,172.6,167.3,161.9,156.5,151.5,146.8,142.4,138.2,134.2,130.4,126.6,122.9,119.2,115.6,112.0,108.3,104.5,100.7,96.9,93.1,89.3,85.5,81.7,78.0,74.4,70.9,67.5,64.3,61.2,58.3,55.4,52.8,50.2,47.6,45.2,42.8,40.5,38.2,36.0,33.9,31.9,29.9,28.1,26.3,24.6,23.1,21.6,20.2,18.8,17.6,16.4,15.3,14.3,13.3,12.4,11.6,10.8,10.0,0.0
183,Tuvalu,TUV,"Mortality rate, infant (per 1,000 live births)",SP.DYN.IMRT.IN,0.0,0.0,0.0,0.0,0.0,0.0,0.0,0.0,0.0,0.0,0.0,0.0,0.0,0.0,0.0,60.8,58.6,56.6,54.8,53.2,51.6,50.2,49.0,47.9,47.1,46.4,45.9,45.5,45.1,44.7,44.3,43.7,43.0,42.1,41.1,40.0,38.8,37.5,36.2,34.9,33.8,32.8,31.9,31.0,30.3,29.6,28.9,28.1,27.4,26.7,25.9,25.1,24.4,23.7,23.0,22.4,21.7,21.0,0.0
184,Tanzania,TZA,"Mortality rate, infant (per 1,000 live births)",SP.DYN.IMRT.IN,143.2,141.9,140.4,138.9,137.3,135.4,133.5,131.5,129.6,127.8,126.0,124.1,122.2,120.2,118.0,115.7,113.5,111.2,109.3,107.7,106.6,106.2,106.1,106.2,106.3,106.0,105.2,104.2,102.9,101.5,100.3,99.3,98.3,97.2,96.1,94.6,92.8,90.4,87.3,83.6,79.5,75.1,70.6,66.5,62.7,59.3,56.8,54.2,51.9,50.3,48.1,46.2,44.8,43.5,42.4,41.0,39.7,38.3,0.0
185,Uganda,UGA,"Mortality rate, infant (per 1,000 live births)",SP.DYN.IMRT.IN,131.5,128.9,126.5,124.2,122.0,120.0,118.0,116.3,114.8,113.6,112.8,112.7,113.1,114.1,115.6,117.5,119.7,122.0,123.8,125.1,126.0,125.3,123.2,120.2,117.1,114.6,112.6,111.3,110.2,109.0,107.2,105.1,103.0,101.1,99.4,98.0,96.8,95.4,93.7,91.4,88.4,84.9,80.9,76.7,72.3,68.0,64.0,60.2,56.7,53.9,51.0,48.3,45.1,42.9,41.0,39.0,37.0,35.4,0.0
186,Ukraine,UKR,"Mortality rate, infant (per 1,000 live births)",SP.DYN.IMRT.IN,0.0,0.0,0.0,0.0,0.0,0.0,0.0,0.0,0.0,0.0,0.0,28.0,27.0,26.2,25.5,24.9,24.4,24.0,23.6,23.1,22.6,22.0,21.3,20.5,19.8,19.0,18.3,17.6,17.1,16.8,16.6,16.6,16.7,16.9,17.2,17.4,17.4,17.3,17.0,16.5,15.8,15.1,14.4,13.7,13.0,12.5,12.0,11.6,11.1,10.6,10.1,9.6,9.2,8.8,8.4,8.1,7.8,7.5,0.0
187,Uruguay,URY,"Mortality rate, infant (per 1,000 live births)",SP.DYN.IMRT.IN,57.7,56.5,55.0,53.6,52.7,52.1,51.7,51.4,50.7,49.7,48.5,47.8,47.9,48.4,49.1,49.4,48.7,46.5,43.3,39.4,35.4,32.0,29.4,27.6,26.3,25.4,24.4,23.2,22.1,21.1,20.2,19.6,19.1,18.7,18.4,18.0,17.4,16.7,16.0,15.3,14.8,14.4,14.1,13.7,13.2,12.5,11.7,10.9,10.2,9.7,9.2,8.8,8.5,8.2,8.0,7.6,7.3,7.0,0.0
188,United States,USA,"Mortality rate, infant (per 1,000 live births)",SP.DYN.IMRT.IN,25.9,25.4,24.9,24.3,23.8,23.3,22.7,22.0,21.3,20.6,19.9,19.1,18.3,17.5,16.7,15.9,15.2,14.5,13.8,13.2,12.6,12.1,11.7,11.3,10.9,10.6,10.4,10.1,10.0,9.7,9.4,9.1,8.8,8.5,8.2,8.0,7.7,7.5,7.3,7.2,7.1,7.0,6.9,6.8,6.9,6.8,6.7,6.5,6.5,6.4,6.2,6.1,6.1,6.0,5.9,5.8,5.7,5.7,0.0
189,Uzbekistan,UZB,"Mortality rate, infant (per 1,000 live births)",SP.DYN.IMRT.IN,0.0,0.0,0.0,0.0,0.0,0.0,0.0,0.0,0.0,0.0,0.0,0.0,0.0,0.0,0.0,0.0,0.0,0.0,0.0,95.9,90.5,85.3,80.5,76.2,72.3,68.7,65.7,63.2,61.3,59.9,59.2,58.9,58.8,58.6,58.2,57.7,57.1,56.2,55.1,53.7,52.0,50.1,48.1,46.0,44.0,41.9,39.8,37.6,35.6,33.6,31.6,29.6,27.8,26.0,24.3,22.7,21.3,20.0,0.0
190,St. Vincent and the Grenadines,VCT,"Mortality rate, infant (per 1,000 live births)",SP.DYN.IMRT.IN,0.0,0.0,0.0,0.0,0.0,0.0,0.0,0.0,0.0,44.9,47.6,50.5,53.1,55.0,56.1,55.9,54.3,51.7,48.4,44.9,41.5,38.2,35.1,32.2,29.5,27.1,25.1,23.4,22.0,21.0,20.2,19.6,19.2,19.0,19.0,19.1,19.2,19.4,19.4,19.5,19.6,19.6,19.6,19.7,19.7,19.8,19.8,19.7,19.5,19.2,18.8,18.2,17.7,17.1,16.5,15.9,15.4,14.9,0.0
191,"Venezuela, RB",VEN,"Mortality rate, infant (per 1,000 live births)",SP.DYN.IMRT.IN,58.9,57.2,55.7,54.5,53.4,52.5,51.7,50.8,49.9,49.0,47.9,46.6,45.4,44.2,43.1,41.9,40.7,39.4,38.0,36.7,35.3,34.0,32.8,31.7,30.6,29.7,28.7,27.8,26.7,25.7,24.7,23.9,23.3,22.9,22.5,22.1,21.5,20.8,20.0,20.2,18.5,17.9,17.4,16.9,16.4,15.9,15.4,15.0,14.6,14.4,14.3,14.3,14.6,15.4,16.9,19.2,22.2,25.7,0.0
192,Vietnam,VNM,"Mortality rate, infant (per 1,000 live births)",SP.DYN.IMRT.IN,0.0,0.0,0.0,0.0,56.3,56.0,55.6,55.3,55.0,54.6,54.2,53.7,53.2,52.6,51.9,51.1,50.3,49.4,48.4,47.5,46.5,45.7,44.9,44.1,43.4,42.7,41.8,40.8,39.7,38.4,37.0,35.6,34.1,32.6,31.1,29.6,28.2,26.8,25.6,24.4,23.4,22.5,21.6,20.9,20.3,19.8,19.4,19.1,18.8,18.5,18.3,18.1,17.9,17.7,17.5,17.3,17.0,16.7,0.0
193,Vanuatu,VUT,"Mortality rate, infant (per 1,000 live births)",SP.DYN.IMRT.IN,105.6,103.2,100.6,97.8,94.9,91.9,89.0,85.9,83.0,79.9,77.1,74.4,71.7,69.2,66.7,64.4,62.1,59.7,57.3,54.7,52.0,49.1,46.3,43.3,40.6,38.0,35.7,33.7,32.0,30.5,29.3,28.2,27.2,26.5,25.8,25.4,25.0,25.5,24.4,24.2,23.9,23.8,23.6,23.6,23.6,23.7,23.8,24.0,24.1,24.2,24.4,24.5,24.5,24.3,24.0,23.6,23.2,22.6,0.0
194,Samoa,WSM,"Mortality rate, infant (per 1,000 live births)",SP.DYN.IMRT.IN,0.0,0.0,0.0,0.0,0.0,0.0,0.0,0.0,0.0,0.0,0.0,0.0,0.0,0.0,0.0,0.0,0.0,0.0,0.0,0.0,0.0,0.0,0.0,0.0,31.1,30.0,28.9,27.9,26.9,26.1,25.4,24.6,23.9,23.2,22.4,21.7,21.1,20.4,19.8,19.2,18.6,18.1,17.6,17.2,16.9,16.6,16.4,16.3,16.2,17.1,16.0,15.9,15.7,15.5,15.2,14.9,14.5,14.2,0.0
195,"Yemen, Rep.",YEM,"Mortality rate, infant (per 1,000 live births)",SP.DYN.IMRT.IN,0.0,0.0,0.0,0.0,267.5,260.6,253.1,244.7,236.2,227.3,218.7,210.3,202.3,194.6,187.2,179.6,171.6,163.3,155.0,146.9,139.0,131.2,123.8,117.1,111.1,105.8,101.4,97.5,94.0,91.0,88.5,86.2,84.2,82.5,81.0,79.5,78.1,76.4,74.3,71.7,68.9,66.0,63.0,60.0,57.3,54.6,52.0,49.6,47.2,45.2,43.9,43.3,43.2,43.2,43.2,43.2,43.2,43.2,0.0
196,South Africa,ZAF,"Mortality rate, infant (per 1,000 live births)",SP.DYN.IMRT.IN,0.0,0.0,0.0,0.0,0.0,0.0,0.0,0.0,0.0,0.0,0.0,0.0,0.0,0.0,90.7,86.4,82.3,78.4,74.7,71.2,68.0,65.0,62.2,59.6,57.3,55.1,53.1,51.2,49.6,48.1,46.9,46.1,45.7,45.7,46.2,47.1,48.2,49.2,50.3,51.2,52.1,52.9,53.6,53.5,52.9,52.0,50.5,47.2,44.8,40.4,38.4,37.3,36.1,34.2,32.5,31.8,30.0,28.8,0.0
197,Zambia,ZMB,"Mortality rate, infant (per 1,000 live births)",SP.DYN.IMRT.IN,122.2,120.0,118.0,116.3,115.0,114.0,113.3,112.8,112.1,110.8,108.9,106.2,103.3,100.3,97.9,96.1,95.1,94.8,95.0,95.3,95.8,96.4,97.3,98.6,100.4,102.6,105.0,107.0,108.7,109.9,110.5,110.8,110.7,110.1,108.8,107.1,105.5,104.0,102.4,100.0,96.6,91.6,85.3,79.0,72.7,66.8,62.7,60.9,57.9,55.6,53.4,51.5,49.6,48.3,46.3,44.2,43.0,41.5,0.0
198,Zimbabwe,ZWE,"Mortality rate, infant (per 1,000 live births)",SP.DYN.IMRT.IN,92.5,90.0,87.5,85.0,82.5,80.0,77.8,75.8,74.2,72.9,72.0,71.3,70.8,70.6,70.6,70.6,70.5,70.3,69.9,69.0,67.4,65.1,62.3,59.3,56.4,53.9,52.0,50.7,50.1,50.1,50.8,51.9,53.3,55.0,56.6,58.3,59.2,59.6,59.4,58.9,58.4,58.0,57.9,57.7,58.4,59.0,60.0,60.1,59.1,57.5,55.1,52.2,48.4,45.4,42.3,40.2,38.2,36.5,0.0
